Date,TimeStamp,HK_id,PinPullerTemp,OpticsTemp,LEXIbaseTemp,HVsupplyTemp,+5.2V_Imon,+10V_Imon,+3.3V_Imon,AnodeVoltMon,+28V_Imon,ADC_Ground,Cmd_count,Pinpuller_Armed,Unused1,Unused2,HVmcpAuto,HVmcpMan,DeltaEvntCount,DeltaDroppedCount,DeltaLostEvntCount,utc_time,local_time
2024-05-28 20:42:45.966925,428548.288,10.0,,,,,,,,,,,18.0,,,,,,17.0,0.0,0.0,2024-11-27 19:25:48.520857000,2024-11-27 14:25:48.520857000
2024-05-28 20:42:46.974425,428549.288,11.0,,,,,,,,,,,18.0,0.0,,,,,23.0,0.0,0.0,2024-11-27 19:25:49.528357000,2024-11-27 14:25:49.528357000
2024-05-28 20:42:47.966425,428550.288,0.0,22.478349609375,,,,,,,,,,18.0,0.0,,,,,21.0,0.0,0.0,2024-11-27 19:25:50.520357000,2024-11-27 14:25:50.520357000
2024-05-28 20:42:48.974450,428551.288,1.0,22.478349609375,-268.48299316406246,,,,,,,,,18.0,0.0,,,,,23.0,0.0,0.0,2024-11-27 19:25:51.528382000,2024-11-27 14:25:51.528382000
2024-05-28 20:42:49.966225,428552.288,2.0,22.478349609375,-268.48299316406246,24.791938476562514,,,,,,,,18.0,0.0,,,,,23.0,0.0,0.0,2024-11-27 19:25:52.520157000,2024-11-27 14:25:52.520157000
2024-05-28 20:42:50.973925,428553.288,3.0,22.478349609375,-268.48299316406246,24.791938476562514,28.427578124999986,,,,,,,18.0,0.0,,,,,23.0,0.0,0.0,2024-11-27 19:25:53.527857000,2024-11-27 14:25:53.527857000
2024-05-28 20:42:51.966000,428554.288,4.0,22.478349609375,-268.48299316406246,24.791938476562514,28.427578124999986,68.48957519531251,,,,,,18.0,0.0,,,,,17.0,0.0,0.0,2024-11-27 19:25:54.519932000,2024-11-27 14:25:54.519932000
2024-05-28 20:42:52.973575,428555.288,5.0,22.478349609375,-268.48299316406246,24.791938476562514,28.427578124999986,68.48957519531251,2.636389599609375,,,,,18.0,0.0,,,,,24.0,0.0,0.0,2024-11-27 19:25:55.527507000,2024-11-27 14:25:55.527507000
2024-05-28 20:42:53.965925,428556.288,6.0,22.478349609375,-268.48299316406246,24.791938476562514,28.427578124999986,68.48957519531251,2.636389599609375,23.30549668539864,,,,18.0,0.0,,,,,27.0,0.0,0.0,2024-11-27 19:25:56.519857000,2024-11-27 14:25:56.519857000
2024-05-28 20:42:54.973600,428557.288,7.0,22.478349609375,-268.48299316406246,24.791938476562514,28.427578124999986,68.48957519531251,2.636389599609375,23.30549668539864,3.50563798828125,,,18.0,0.0,,,,,30.0,0.0,0.0,2024-11-27 19:25:57.527532000,2024-11-27 14:25:57.527532000
2024-05-28 20:42:55.981375,428558.288,8.0,22.478349609375,-268.48299316406246,24.791938476562514,28.427578124999986,68.48957519531251,2.636389599609375,23.30549668539864,3.50563798828125,56.05453399352006,,18.0,0.0,,,,,23.0,0.0,0.0,2024-11-27 19:25:58.535307000,2024-11-27 14:25:58.535307000
2024-05-28 20:42:56.973000,428559.288,9.0,22.478349609375,-268.48299316406246,24.791938476562514,28.427578124999986,68.48957519531251,2.636389599609375,23.30549668539864,3.50563798828125,56.05453399352006,0.0,18.0,0.0,,,,,23.0,0.0,0.0,2024-11-27 19:25:59.526932000,2024-11-27 14:25:59.526932000
2024-05-28 20:42:57.981125,428560.288,10.0,22.478349609375,-268.48299316406246,24.791938476562514,28.427578124999986,68.48957519531251,2.636389599609375,23.30549668539864,3.50563798828125,56.05453399352006,0.0,18.0,0.0,,,,,24.0,0.0,0.0,2024-11-27 19:26:00.535057000,2024-11-27 14:26:00.535057000
2024-05-28 20:42:58.973000,428561.288,11.0,22.478349609375,-268.48299316406246,24.791938476562514,28.427578124999986,68.48957519531251,2.636389599609375,23.30549668539864,3.50563798828125,56.05453399352006,0.0,18.0,0.0,,,,,15.0,0.0,0.0,2024-11-27 19:26:01.526932000,2024-11-27 14:26:01.526932000
2024-05-28 20:42:59.980475,428562.288,0.0,22.588520507812504,-268.48299316406246,24.791938476562514,28.427578124999986,68.48957519531251,2.636389599609375,23.30549668539864,3.50563798828125,56.05453399352006,0.0,18.0,0.0,,,,,20.0,0.0,0.0,2024-11-27 19:26:02.534407000,2024-11-27 14:26:02.534407000
2024-05-28 20:43:00.972325,428563.288,1.0,22.588520507812504,-268.48299316406246,24.791938476562514,28.427578124999986,68.48957519531251,2.636389599609375,23.30549668539864,3.50563798828125,56.05453399352006,0.0,18.0,0.0,,,,,19.0,0.0,0.0,2024-11-27 19:26:03.526257000,2024-11-27 14:26:03.526257000
2024-05-28 20:43:01.980100,428564.288,2.0,22.588520507812504,-268.48299316406246,24.791938476562514,28.427578124999986,68.48957519531251,2.636389599609375,23.30549668539864,3.50563798828125,56.05453399352006,0.0,18.0,0.0,,,,,21.0,0.0,0.0,2024-11-27 19:26:04.534032000,2024-11-27 14:26:04.534032000
2024-05-28 20:43:02.972000,428565.288,3.0,22.588520507812504,-268.48299316406246,24.791938476562514,28.427578124999986,68.48957519531251,2.636389599609375,23.30549668539864,3.50563798828125,56.05453399352006,0.0,18.0,0.0,,,,,26.0,0.0,0.0,2024-11-27 19:26:05.525932000,2024-11-27 14:26:05.525932000
2024-05-28 20:43:03.979825,428566.288,4.0,22.588520507812504,-268.48299316406246,24.791938476562514,28.427578124999986,69.0404296875,2.636389599609375,23.30549668539864,3.50563798828125,56.05453399352006,0.0,18.0,0.0,,,,,13.0,0.0,0.0,2024-11-27 19:26:06.533757000,2024-11-27 14:26:06.533757000
2024-05-28 20:43:04.972100,428567.288,5.0,22.588520507812504,-268.48299316406246,24.791938476562514,28.427578124999986,69.0404296875,2.63749130859375,23.30549668539864,3.50563798828125,56.05453399352006,0.0,18.0,0.0,,,,,22.0,0.0,0.0,2024-11-27 19:26:07.526032000,2024-11-27 14:26:07.526032000
2024-05-28 20:43:05.979425,428568.288,6.0,22.588520507812504,-268.48299316406246,24.791938476562514,28.427578124999986,69.0404296875,2.63749130859375,23.30549668539864,3.50563798828125,56.05453399352006,0.0,18.0,0.0,,,,,19.0,0.0,0.0,2024-11-27 19:26:08.533357000,2024-11-27 14:26:08.533357000
2024-05-28 20:43:06.971325,428569.288,7.0,22.588520507812504,-268.48299316406246,24.791938476562514,28.427578124999986,69.0404296875,2.63749130859375,23.30549668539864,3.50563798828125,56.05453399352006,0.0,18.0,0.0,,,,,22.0,0.0,0.0,2024-11-27 19:26:09.525257000,2024-11-27 14:26:09.525257000
2024-05-28 20:43:07.979250,428570.288,8.0,22.588520507812504,-268.48299316406246,24.791938476562514,28.427578124999986,69.0404296875,2.63749130859375,23.30549668539864,3.50563798828125,56.05453399352006,0.0,18.0,0.0,,,,,16.0,0.0,0.0,2024-11-27 19:26:10.533182000,2024-11-27 14:26:10.533182000
2024-05-28 20:43:08.971025,428571.288,9.0,22.588520507812504,-268.48299316406246,24.791938476562514,28.427578124999986,69.0404296875,2.63749130859375,23.30549668539864,3.50563798828125,56.05453399352006,0.0,18.0,0.0,,,,,18.0,0.0,0.0,2024-11-27 19:26:11.524957000,2024-11-27 14:26:11.524957000
2024-05-28 20:43:09.978825,428572.288,10.0,22.588520507812504,-268.48299316406246,24.791938476562514,28.427578124999986,69.0404296875,2.63749130859375,23.30549668539864,3.50563798828125,56.05453399352006,0.0,18.0,0.0,,,,,18.0,0.0,0.0,2024-11-27 19:26:12.532757000,2024-11-27 14:26:12.532757000
2024-05-28 20:43:10.970700,428573.288,11.0,22.588520507812504,-268.48299316406246,24.791938476562514,28.427578124999986,69.0404296875,2.63749130859375,23.30549668539864,3.50563798828125,56.05453399352006,0.0,18.0,0.0,,,,,14.0,0.0,0.0,2024-11-27 19:26:13.524632000,2024-11-27 14:26:13.524632000
2024-05-28 20:43:11.978600,428574.288,0.0,22.588520507812504,-268.48299316406246,24.791938476562514,28.427578124999986,69.0404296875,2.63749130859375,23.30549668539864,3.50563798828125,56.05453399352006,0.0,18.0,0.0,,,,,29.0,0.0,0.0,2024-11-27 19:26:14.532532000,2024-11-27 14:26:14.532532000
2024-05-28 20:43:12.970350,428575.288,1.0,22.588520507812504,-268.48299316406246,24.791938476562514,28.427578124999986,69.0404296875,2.63749130859375,23.30549668539864,3.50563798828125,56.05453399352006,0.0,18.0,0.0,,,,,27.0,0.0,0.0,2024-11-27 19:26:15.524282000,2024-11-27 14:26:15.524282000
2024-05-28 20:43:13.978350,428576.288,2.0,22.588520507812504,-268.48299316406246,24.791938476562514,28.427578124999986,69.0404296875,2.63749130859375,23.30549668539864,3.50563798828125,56.05453399352006,0.0,18.0,0.0,,,,,25.0,0.0,0.0,2024-11-27 19:26:16.532282000,2024-11-27 14:26:16.532282000
2024-05-28 20:43:14.970500,428577.288,3.0,22.588520507812504,-268.48299316406246,24.791938476562514,28.427578124999986,69.0404296875,2.63749130859375,23.30549668539864,3.50563798828125,56.05453399352006,0.0,18.0,0.0,,,,,28.0,0.0,0.0,2024-11-27 19:26:17.524432000,2024-11-27 14:26:17.524432000
2024-05-28 20:43:15.978200,428578.288,4.0,22.588520507812504,-268.48299316406246,24.791938476562514,28.427578124999986,69.53007812499999,2.63749130859375,23.30549668539864,3.50563798828125,56.05453399352006,0.0,18.0,0.0,,,,,20.0,0.0,0.0,2024-11-27 19:26:18.532132000,2024-11-27 14:26:18.532132000
2024-05-28 20:43:16.970175,428579.288,5.0,22.588520507812504,-268.48299316406246,24.791938476562514,28.427578124999986,69.53007812499999,2.636389599609375,23.30549668539864,3.50563798828125,56.05453399352006,0.0,18.0,0.0,,,,,28.0,0.0,0.0,2024-11-27 19:26:19.524107000,2024-11-27 14:26:19.524107000
2024-05-28 20:43:17.977775,428580.288,6.0,22.588520507812504,-268.48299316406246,24.791938476562514,28.427578124999986,69.53007812499999,2.636389599609375,23.30549668539864,3.50563798828125,56.05453399352006,0.0,18.0,0.0,,,,,26.0,0.0,0.0,2024-11-27 19:26:20.531707000,2024-11-27 14:26:20.531707000
2024-05-28 20:43:18.969400,428581.288,7.0,22.588520507812504,-268.48299316406246,24.791938476562514,28.427578124999986,69.53007812499999,2.636389599609375,23.30549668539864,3.50563798828125,56.05453399352006,0.0,18.0,0.0,,,,,23.0,0.0,0.0,2024-11-27 19:26:21.523332000,2024-11-27 14:26:21.523332000
2024-05-28 20:43:19.977225,428582.288,8.0,22.588520507812504,-268.48299316406246,24.791938476562514,28.427578124999986,69.53007812499999,2.636389599609375,23.30549668539864,3.50563798828125,56.1159447507316,0.0,18.0,0.0,,,,,23.0,0.0,0.0,2024-11-27 19:26:22.531157000,2024-11-27 14:26:22.531157000
2024-05-28 20:43:20.969125,428583.288,9.0,22.588520507812504,-268.48299316406246,24.791938476562514,28.427578124999986,69.53007812499999,2.636389599609375,23.30549668539864,3.50563798828125,56.1159447507316,0.0,18.0,0.0,,,,,20.0,0.0,0.0,2024-11-27 19:26:23.523057000,2024-11-27 14:26:23.523057000
2024-05-28 20:43:21.977600,428584.288,10.0,22.588520507812504,-268.48299316406246,24.791938476562514,28.427578124999986,69.53007812499999,2.636389599609375,23.30549668539864,3.50563798828125,56.1159447507316,0.0,18.0,0.0,,,,,18.0,0.0,0.0,2024-11-27 19:26:24.531532000,2024-11-27 14:26:24.531532000
2024-05-28 20:43:22.968725,428585.288,11.0,22.588520507812504,-268.48299316406246,24.791938476562514,28.427578124999986,69.53007812499999,2.636389599609375,23.30549668539864,3.50563798828125,56.1159447507316,0.0,18.0,0.0,,,,,27.0,0.0,0.0,2024-11-27 19:26:25.522657000,2024-11-27 14:26:25.522657000
2024-05-28 20:43:23.976575,428586.288,0.0,22.588520507812504,-268.48299316406246,24.791938476562514,28.427578124999986,69.53007812499999,2.636389599609375,23.30549668539864,3.50563798828125,56.1159447507316,0.0,18.0,0.0,,,,,16.0,0.0,0.0,2024-11-27 19:26:26.530507000,2024-11-27 14:26:26.530507000
2024-05-28 20:43:24.968475,428587.288,1.0,22.588520507812504,-268.59316406249997,24.791938476562514,28.427578124999986,69.53007812499999,2.636389599609375,23.30549668539864,3.50563798828125,56.1159447507316,0.0,18.0,0.0,,,,,21.0,0.0,0.0,2024-11-27 19:26:27.522407000,2024-11-27 14:26:27.522407000
2024-05-28 20:43:25.976200,428588.288,2.0,22.588520507812504,-268.59316406249997,24.791938476562514,28.427578124999986,69.53007812499999,2.636389599609375,23.30549668539864,3.50563798828125,56.1159447507316,0.0,18.0,0.0,,,,,24.0,0.0,0.0,2024-11-27 19:26:28.530132000,2024-11-27 14:26:28.530132000
2024-05-28 20:43:26.968375,428589.288,3.0,22.588520507812504,-268.59316406249997,24.791938476562514,28.537749023437485,69.53007812499999,2.636389599609375,23.30549668539864,3.50563798828125,56.1159447507316,0.0,18.0,0.0,,,,,14.0,0.0,0.0,2024-11-27 19:26:29.522307000,2024-11-27 14:26:29.522307000
2024-05-28 20:43:27.975925,428590.288,4.0,22.588520507812504,-268.59316406249997,24.791938476562514,28.537749023437485,68.55078125,2.636389599609375,23.30549668539864,3.50563798828125,56.1159447507316,0.0,18.0,0.0,,,,,27.0,0.0,0.0,2024-11-27 19:26:30.529857000,2024-11-27 14:26:30.529857000
2024-05-28 20:43:28.968000,428591.288,5.0,22.588520507812504,-268.59316406249997,24.791938476562514,28.537749023437485,68.55078125,2.638593017578125,23.30549668539864,3.50563798828125,56.1159447507316,0.0,18.0,0.0,,,,,17.0,0.0,0.0,2024-11-27 19:26:31.521932000,2024-11-27 14:26:31.521932000
2024-05-28 20:43:29.975550,428592.288,6.0,22.588520507812504,-268.59316406249997,24.791938476562514,28.537749023437485,68.55078125,2.638593017578125,23.30549668539864,3.50563798828125,56.1159447507316,0.0,18.0,0.0,,,,,20.0,0.0,0.0,2024-11-27 19:26:32.529482000,2024-11-27 14:26:32.529482000
2024-05-28 20:43:30.967675,428593.288,7.0,22.588520507812504,-268.59316406249997,24.791938476562514,28.537749023437485,68.55078125,2.638593017578125,23.30549668539864,3.50563798828125,56.1159447507316,0.0,18.0,0.0,,,,,28.0,0.0,0.0,2024-11-27 19:26:33.521607000,2024-11-27 14:26:33.521607000
2024-05-28 20:43:31.975500,428594.288,8.0,22.588520507812504,-268.59316406249997,24.791938476562514,28.537749023437485,68.55078125,2.638593017578125,23.30549668539864,3.50563798828125,56.1159447507316,0.0,18.0,0.0,,,,,16.0,0.0,0.0,2024-11-27 19:26:34.529432000,2024-11-27 14:26:34.529432000
2024-05-28 20:43:32.982925,428595.288,9.0,22.588520507812504,-268.59316406249997,24.791938476562514,28.537749023437485,68.55078125,2.638593017578125,23.30549668539864,3.50563798828125,56.1159447507316,0.0,18.0,0.0,,,,,23.0,0.0,0.0,2024-11-27 19:26:35.536857000,2024-11-27 14:26:35.536857000
2024-05-28 20:43:33.974175,428596.288,10.0,22.588520507812504,-268.59316406249997,24.791938476562514,28.537749023437485,68.55078125,2.638593017578125,23.30549668539864,3.50563798828125,56.1159447507316,0.0,18.0,0.0,,,,,16.0,0.0,0.0,2024-11-27 19:26:36.528107000,2024-11-27 14:26:36.528107000
2024-05-28 20:43:34.966000,428597.288,11.0,22.588520507812504,-268.59316406249997,24.791938476562514,28.537749023437485,68.55078125,2.638593017578125,23.30549668539864,3.50563798828125,56.1159447507316,0.0,18.0,0.0,,,,,22.0,0.0,0.0,2024-11-27 19:26:37.519932000,2024-11-27 14:26:37.519932000
2024-05-28 20:43:35.973575,428598.288,0.0,22.588520507812504,-268.59316406249997,24.791938476562514,28.537749023437485,68.55078125,2.638593017578125,23.30549668539864,3.50563798828125,56.1159447507316,0.0,18.0,0.0,,,,,22.0,0.0,0.0,2024-11-27 19:26:38.527507000,2024-11-27 14:26:38.527507000
2024-05-28 20:43:36.981450,428599.288,1.0,22.588520507812504,-268.48299316406246,24.791938476562514,28.537749023437485,68.55078125,2.638593017578125,23.30549668539864,3.50563798828125,56.1159447507316,0.0,18.0,0.0,,,,,22.0,0.0,0.0,2024-11-27 19:26:39.535382000,2024-11-27 14:26:39.535382000
2024-05-28 20:43:37.973475,428600.288,2.0,22.588520507812504,-268.48299316406246,24.791938476562514,28.537749023437485,68.55078125,2.638593017578125,23.30549668539864,3.50563798828125,56.1159447507316,0.0,18.0,0.0,,,,,30.0,0.0,0.0,2024-11-27 19:26:40.527407000,2024-11-27 14:26:40.527407000
2024-05-28 20:43:38.981125,428601.288,3.0,22.588520507812504,-268.48299316406246,24.791938476562514,28.537749023437485,68.55078125,2.638593017578125,23.30549668539864,3.50563798828125,56.1159447507316,0.0,18.0,0.0,,,,,19.0,0.0,0.0,2024-11-27 19:26:41.535057000,2024-11-27 14:26:41.535057000
2024-05-28 20:43:39.968975,428602.288,4.0,22.588520507812504,-268.48299316406246,24.791938476562514,28.537749023437485,68.673193359375,2.638593017578125,23.30549668539864,3.50563798828125,56.1159447507316,0.0,18.0,0.0,,,,,22.0,0.0,0.0,2024-11-27 19:26:42.522907000,2024-11-27 14:26:42.522907000
2024-05-28 20:43:40.976825,428603.288,5.0,22.588520507812504,-268.48299316406246,24.791938476562514,28.537749023437485,68.673193359375,2.63749130859375,23.30549668539864,3.50563798828125,56.1159447507316,0.0,18.0,0.0,,,,,22.0,0.0,0.0,2024-11-27 19:26:43.530757000,2024-11-27 14:26:43.530757000
2024-05-28 20:43:41.968875,428604.288,6.0,22.588520507812504,-268.48299316406246,24.791938476562514,28.537749023437485,68.673193359375,2.63749130859375,23.30549668539864,3.50563798828125,56.1159447507316,0.0,18.0,0.0,,,,,16.0,0.0,0.0,2024-11-27 19:26:44.522807000,2024-11-27 14:26:44.522807000
2024-05-28 20:43:42.976450,428605.288,7.0,22.588520507812504,-268.48299316406246,24.791938476562514,28.537749023437485,68.673193359375,2.63749130859375,23.30549668539864,3.50563798828125,56.1159447507316,0.0,18.0,0.0,,,,,13.0,0.0,0.0,2024-11-27 19:26:45.530382000,2024-11-27 14:26:45.530382000
2024-05-28 20:43:43.968275,428606.288,8.0,22.588520507812504,-268.48299316406246,24.791938476562514,28.537749023437485,68.673193359375,2.63749130859375,23.30549668539864,3.50563798828125,56.1159447507316,0.0,18.0,0.0,,,,,24.0,0.0,0.0,2024-11-27 19:26:46.522207000,2024-11-27 14:26:46.522207000
2024-05-28 20:43:44.976450,428607.288,9.0,22.588520507812504,-268.48299316406246,24.791938476562514,28.537749023437485,68.673193359375,2.63749130859375,23.30549668539864,3.50563798828125,56.1159447507316,0.0,18.0,0.0,,,,,21.0,0.0,0.0,2024-11-27 19:26:47.530382000,2024-11-27 14:26:47.530382000
2024-05-28 20:43:45.968025,428608.288,10.0,22.588520507812504,-268.48299316406246,24.791938476562514,28.537749023437485,68.673193359375,2.63749130859375,23.30549668539864,3.50563798828125,56.1159447507316,0.0,18.0,0.0,,,,,17.0,0.0,0.0,2024-11-27 19:26:48.521957000,2024-11-27 14:26:48.521957000
2024-05-28 20:43:46.975600,428609.288,11.0,22.588520507812504,-268.48299316406246,24.791938476562514,28.537749023437485,68.673193359375,2.63749130859375,23.30549668539864,3.50563798828125,56.1159447507316,0.0,18.0,0.0,,,,,22.0,0.0,0.0,2024-11-27 19:26:49.529532000,2024-11-27 14:26:49.529532000
2024-05-28 20:43:47.967450,428610.288,0.0,22.588520507812504,-268.48299316406246,24.791938476562514,28.537749023437485,68.673193359375,2.63749130859375,23.30549668539864,3.50563798828125,56.1159447507316,0.0,18.0,0.0,,,,,18.0,0.0,0.0,2024-11-27 19:26:50.521382000,2024-11-27 14:26:50.521382000
2024-05-28 20:43:48.975275,428611.288,1.0,22.588520507812504,-268.48299316406246,24.791938476562514,28.537749023437485,68.673193359375,2.63749130859375,23.30549668539864,3.50563798828125,56.1159447507316,0.0,18.0,0.0,,,,,19.0,0.0,0.0,2024-11-27 19:26:51.529207000,2024-11-27 14:26:51.529207000
2024-05-28 20:43:49.967100,428612.288,2.0,22.588520507812504,-268.48299316406246,24.791938476562514,28.537749023437485,68.673193359375,2.63749130859375,23.30549668539864,3.50563798828125,56.1159447507316,0.0,18.0,0.0,,,,,19.0,0.0,0.0,2024-11-27 19:26:52.521032000,2024-11-27 14:26:52.521032000
2024-05-28 20:43:50.974950,428613.288,3.0,22.588520507812504,-268.48299316406246,24.791938476562514,28.427578124999986,68.673193359375,2.63749130859375,23.30549668539864,3.50563798828125,56.1159447507316,0.0,18.0,0.0,,,,,8.0,0.0,0.0,2024-11-27 19:26:53.528882000,2024-11-27 14:26:53.528882000
2024-05-28 20:43:51.966775,428614.288,4.0,22.588520507812504,-268.48299316406246,24.791938476562514,28.427578124999986,69.83610839843749,2.63749130859375,23.30549668539864,3.50563798828125,56.1159447507316,0.0,18.0,0.0,,,,,20.0,0.0,0.0,2024-11-27 19:26:54.520707000,2024-11-27 14:26:54.520707000
2024-05-28 20:43:52.974825,428615.288,5.0,22.588520507812504,-268.48299316406246,24.791938476562514,28.427578124999986,69.83610839843749,2.63749130859375,23.30549668539864,3.50563798828125,56.1159447507316,0.0,18.0,0.0,,,,,21.0,0.0,0.0,2024-11-27 19:26:55.528757000,2024-11-27 14:26:55.528757000
2024-05-28 20:43:53.966750,428616.288,6.0,22.588520507812504,-268.48299316406246,24.791938476562514,28.427578124999986,69.83610839843749,2.63749130859375,23.30549668539864,3.50563798828125,56.1159447507316,0.0,18.0,0.0,,,,,21.0,0.0,0.0,2024-11-27 19:26:56.520682000,2024-11-27 14:26:56.520682000
2024-05-28 20:43:54.974500,428617.288,7.0,22.588520507812504,-268.48299316406246,24.791938476562514,28.427578124999986,69.83610839843749,2.63749130859375,23.30549668539864,3.50563798828125,56.1159447507316,0.0,18.0,0.0,,,,,17.0,0.0,0.0,2024-11-27 19:26:57.528432000,2024-11-27 14:26:57.528432000
2024-05-28 20:43:55.966600,428618.288,8.0,22.588520507812504,-268.48299316406246,24.791938476562514,28.427578124999986,69.83610839843749,2.63749130859375,23.30549668539864,3.50563798828125,55.99312323630852,0.0,18.0,0.0,,,,,18.0,0.0,0.0,2024-11-27 19:26:58.520532000,2024-11-27 14:26:58.520532000
2024-05-28 20:43:56.974225,428619.288,9.0,22.588520507812504,-268.48299316406246,24.791938476562514,28.427578124999986,69.83610839843749,2.63749130859375,23.30549668539864,3.50563798828125,55.99312323630852,0.0,18.0,0.0,,,,,15.0,0.0,0.0,2024-11-27 19:26:59.528157000,2024-11-27 14:26:59.528157000
2024-05-28 20:43:57.966500,428620.288,10.0,22.588520507812504,-268.48299316406246,24.791938476562514,28.427578124999986,69.83610839843749,2.63749130859375,23.30549668539864,3.50563798828125,55.99312323630852,0.0,18.0,0.0,,,,,21.0,0.0,0.0,2024-11-27 19:27:00.520432000,2024-11-27 14:27:00.520432000
2024-05-28 20:43:58.973900,428621.288,11.0,22.588520507812504,-268.48299316406246,24.791938476562514,28.427578124999986,69.83610839843749,2.63749130859375,23.30549668539864,3.50563798828125,55.99312323630852,0.0,18.0,0.0,,,,,23.0,0.0,0.0,2024-11-27 19:27:01.527832000,2024-11-27 14:27:01.527832000
2024-05-28 20:43:59.981625,428622.288,0.0,22.588520507812504,-268.48299316406246,24.791938476562514,28.427578124999986,69.83610839843749,2.63749130859375,23.30549668539864,3.50563798828125,55.99312323630852,0.0,18.0,0.0,,,,,16.0,0.0,0.0,2024-11-27 19:27:02.535557000,2024-11-27 14:27:02.535557000
2024-05-28 20:44:00.973575,428623.288,1.0,22.588520507812504,-268.48299316406246,24.791938476562514,28.427578124999986,69.83610839843749,2.63749130859375,23.30549668539864,3.50563798828125,55.99312323630852,0.0,18.0,0.0,,,,,16.0,0.0,0.0,2024-11-27 19:27:03.527507000,2024-11-27 14:27:03.527507000
2024-05-28 20:44:01.981450,428624.288,2.0,22.588520507812504,-268.48299316406246,24.791938476562514,28.427578124999986,69.83610839843749,2.63749130859375,23.30549668539864,3.50563798828125,55.99312323630852,0.0,18.0,0.0,,,,,19.0,0.0,0.0,2024-11-27 19:27:04.535382000,2024-11-27 14:27:04.535382000
2024-05-28 20:44:02.973675,428625.288,3.0,22.588520507812504,-268.48299316406246,24.791938476562514,28.427578124999986,69.83610839843749,2.63749130859375,23.30549668539864,3.50563798828125,55.99312323630852,0.0,18.0,0.0,,,,,18.0,0.0,0.0,2024-11-27 19:27:05.527607000,2024-11-27 14:27:05.527607000
2024-05-28 20:44:03.981025,428626.288,4.0,22.588520507812504,-268.48299316406246,24.791938476562514,28.427578124999986,70.44816894531249,2.63749130859375,23.30549668539864,3.50563798828125,55.99312323630852,0.0,18.0,0.0,,,,,28.0,0.0,0.0,2024-11-27 19:27:06.534957000,2024-11-27 14:27:06.534957000
2024-05-28 20:44:04.985675,428627.288,5.0,22.588520507812504,-268.48299316406246,24.791938476562514,28.427578124999986,70.44816894531249,2.63749130859375,23.30549668539864,3.50563798828125,55.99312323630852,0.0,18.0,0.0,,,,,22.0,0.0,0.0,2024-11-27 19:27:07.539607000,2024-11-27 14:27:07.539607000
2024-05-28 20:44:05.976675,428628.288,6.0,22.588520507812504,-268.48299316406246,24.791938476562514,28.427578124999986,70.44816894531249,2.63749130859375,23.30549668539864,3.50563798828125,55.99312323630852,0.0,18.0,0.0,,,,,27.0,0.0,0.0,2024-11-27 19:27:08.530607000,2024-11-27 14:27:08.530607000
2024-05-28 20:44:06.969050,428629.288,7.0,22.588520507812504,-268.48299316406246,24.791938476562514,28.427578124999986,70.44816894531249,2.63749130859375,23.30549668539864,3.50563798828125,55.99312323630852,0.0,18.0,0.0,,,,,26.0,0.0,0.0,2024-11-27 19:27:09.522982000,2024-11-27 14:27:09.522982000
2024-05-28 20:44:07.976600,428630.288,8.0,22.588520507812504,-268.48299316406246,24.791938476562514,28.427578124999986,70.44816894531249,2.63749130859375,23.30549668539864,3.50563798828125,56.1159447507316,0.0,18.0,0.0,,,,,22.0,0.0,0.0,2024-11-27 19:27:10.530532000,2024-11-27 14:27:10.530532000
2024-05-28 20:44:08.968325,428631.288,9.0,22.588520507812504,-268.48299316406246,24.791938476562514,28.427578124999986,70.44816894531249,2.63749130859375,23.30549668539864,3.50563798828125,56.1159447507316,0.0,18.0,0.0,,,,,21.0,0.0,0.0,2024-11-27 19:27:11.522257000,2024-11-27 14:27:11.522257000
2024-05-28 20:44:09.976375,428632.288,10.0,22.588520507812504,-268.48299316406246,24.791938476562514,28.427578124999986,70.44816894531249,2.63749130859375,23.30549668539864,3.50563798828125,56.1159447507316,0.0,18.0,0.0,,,,,29.0,0.0,0.0,2024-11-27 19:27:12.530307000,2024-11-27 14:27:12.530307000
2024-05-28 20:44:10.965825,428633.288,11.0,22.588520507812504,-268.48299316406246,24.791938476562514,28.427578124999986,70.44816894531249,2.63749130859375,23.30549668539864,3.50563798828125,56.1159447507316,0.0,18.0,0.0,,,,,36.0,0.0,0.0,2024-11-27 19:27:13.519757000,2024-11-27 14:27:13.519757000
2024-05-28 20:44:11.973725,428634.288,0.0,22.588520507812504,-268.48299316406246,24.791938476562514,28.427578124999986,70.44816894531249,2.63749130859375,23.30549668539864,3.50563798828125,56.1159447507316,0.0,18.0,0.0,,,,,11.0,0.0,0.0,2024-11-27 19:27:14.527657000,2024-11-27 14:27:14.527657000
2024-05-28 20:44:12.981875,428635.288,1.0,22.588520507812504,-268.48299316406246,24.791938476562514,28.427578124999986,70.44816894531249,2.63749130859375,23.30549668539864,3.50563798828125,56.1159447507316,0.0,18.0,0.0,,,,,22.0,0.0,0.0,2024-11-27 19:27:15.535807000,2024-11-27 14:27:15.535807000
2024-05-28 20:44:13.974000,428636.288,2.0,22.588520507812504,-268.48299316406246,24.791938476562514,28.427578124999986,70.44816894531249,2.63749130859375,23.30549668539864,3.50563798828125,56.1159447507316,0.0,18.0,0.0,,,,,22.0,0.0,0.0,2024-11-27 19:27:16.527932000,2024-11-27 14:27:16.527932000
2024-05-28 20:44:14.981225,428637.288,3.0,22.588520507812504,-268.48299316406246,24.791938476562514,28.427578124999986,70.44816894531249,2.63749130859375,23.30549668539864,3.50563798828125,56.1159447507316,0.0,18.0,0.0,,,,,22.0,0.0,0.0,2024-11-27 19:27:17.535157000,2024-11-27 14:27:17.535157000
2024-05-28 20:44:15.973375,428638.288,4.0,22.588520507812504,-268.48299316406246,24.791938476562514,28.427578124999986,69.652490234375,2.63749130859375,23.30549668539864,3.50563798828125,56.1159447507316,0.0,18.0,0.0,,,,,17.0,0.0,0.0,2024-11-27 19:27:18.527307000,2024-11-27 14:27:18.527307000
2024-05-28 20:44:16.980875,428639.288,5.0,22.588520507812504,-268.48299316406246,24.791938476562514,28.427578124999986,69.652490234375,2.636389599609375,23.30549668539864,3.50563798828125,56.1159447507316,0.0,18.0,0.0,,,,,26.0,0.0,0.0,2024-11-27 19:27:19.534807000,2024-11-27 14:27:19.534807000
2024-05-28 20:44:17.972725,428640.288,6.0,22.588520507812504,-268.48299316406246,24.791938476562514,28.427578124999986,69.652490234375,2.636389599609375,23.30549668539864,3.50563798828125,56.1159447507316,0.0,18.0,0.0,,,,,21.0,0.0,0.0,2024-11-27 19:27:20.526657000,2024-11-27 14:27:20.526657000
2024-05-28 20:44:18.980475,428641.288,7.0,22.588520507812504,-268.48299316406246,24.791938476562514,28.427578124999986,69.652490234375,2.636389599609375,23.30549668539864,3.50563798828125,56.1159447507316,0.0,18.0,0.0,,,,,22.0,0.0,0.0,2024-11-27 19:27:21.534407000,2024-11-27 14:27:21.534407000
2024-05-28 20:44:19.972750,428642.288,8.0,22.588520507812504,-268.48299316406246,24.791938476562514,28.427578124999986,69.652490234375,2.636389599609375,23.30549668539864,3.50563798828125,56.1159447507316,0.0,18.0,0.0,,,,,16.0,0.0,0.0,2024-11-27 19:27:22.526682000,2024-11-27 14:27:22.526682000
2024-05-28 20:44:20.980225,428643.288,9.0,22.588520507812504,-268.48299316406246,24.791938476562514,28.427578124999986,69.652490234375,2.636389599609375,23.30549668539864,3.50563798828125,56.1159447507316,0.0,18.0,0.0,,,,,22.0,0.0,0.0,2024-11-27 19:27:23.534157000,2024-11-27 14:27:23.534157000
2024-05-28 20:44:21.972100,428644.288,10.0,22.588520507812504,-268.48299316406246,24.791938476562514,28.427578124999986,69.652490234375,2.636389599609375,23.30549668539864,3.50563798828125,56.1159447507316,0.0,18.0,0.0,,,,,34.0,0.0,0.0,2024-11-27 19:27:24.526032000,2024-11-27 14:27:24.526032000
2024-05-28 20:44:22.980200,428645.288,11.0,22.588520507812504,-268.48299316406246,24.791938476562514,28.427578124999986,69.652490234375,2.636389599609375,23.30549668539864,3.50563798828125,56.1159447507316,0.0,18.0,0.0,,,,,10.0,0.0,0.0,2024-11-27 19:27:25.534132000,2024-11-27 14:27:25.534132000
2024-05-28 20:44:23.971725,428646.288,0.0,22.588520507812504,-268.48299316406246,24.791938476562514,28.427578124999986,69.652490234375,2.636389599609375,23.30549668539864,3.50563798828125,56.1159447507316,0.0,18.0,0.0,,,,,26.0,0.0,0.0,2024-11-27 19:27:26.525657000,2024-11-27 14:27:26.525657000
2024-05-28 20:44:24.979625,428647.288,1.0,22.588520507812504,-268.59316406249997,24.791938476562514,28.427578124999986,69.652490234375,2.636389599609375,23.30549668539864,3.50563798828125,56.1159447507316,0.0,18.0,0.0,,,,,26.0,0.0,0.0,2024-11-27 19:27:27.533557000,2024-11-27 14:27:27.533557000
2024-05-28 20:44:25.971425,428648.288,2.0,22.588520507812504,-268.59316406249997,24.791938476562514,28.427578124999986,69.652490234375,2.636389599609375,23.30549668539864,3.50563798828125,56.1159447507316,0.0,18.0,0.0,,,,,23.0,0.0,0.0,2024-11-27 19:27:28.525357000,2024-11-27 14:27:28.525357000
2024-05-28 20:44:26.979225,428649.288,3.0,22.588520507812504,-268.59316406249997,24.791938476562514,28.427578124999986,69.652490234375,2.636389599609375,23.30549668539864,3.50563798828125,56.1159447507316,0.0,18.0,0.0,,,,,26.0,0.0,0.0,2024-11-27 19:27:29.533157000,2024-11-27 14:27:29.533157000
2024-05-28 20:44:27.971100,428650.288,4.0,22.588520507812504,-268.59316406249997,24.791938476562514,28.427578124999986,69.10163574218751,2.636389599609375,23.30549668539864,3.50563798828125,56.1159447507316,0.0,18.0,0.0,,,,,26.0,0.0,0.0,2024-11-27 19:27:30.525032000,2024-11-27 14:27:30.525032000
2024-05-28 20:44:28.978900,428651.288,5.0,22.588520507812504,-268.59316406249997,24.791938476562514,28.427578124999986,69.10163574218751,2.6396947265625,23.30549668539864,3.50563798828125,56.1159447507316,0.0,18.0,0.0,,,,,16.0,0.0,0.0,2024-11-27 19:27:31.532832000,2024-11-27 14:27:31.532832000
2024-05-28 20:44:29.970775,428652.288,6.0,22.588520507812504,-268.59316406249997,24.791938476562514,28.427578124999986,69.10163574218751,2.6396947265625,23.30549668539864,3.50563798828125,56.1159447507316,0.0,18.0,0.0,,,,,15.0,0.0,0.0,2024-11-27 19:27:32.524707001,2024-11-27 14:27:32.524707001
2024-05-28 20:44:30.978575,428653.288,7.0,22.588520507812504,-268.59316406249997,24.791938476562514,28.427578124999986,69.10163574218751,2.6396947265625,23.30549668539864,3.50563798828125,56.1159447507316,0.0,18.0,0.0,,,,,14.0,0.0,0.0,2024-11-27 19:27:33.532507000,2024-11-27 14:27:33.532507000
2024-05-28 20:44:31.970475,428654.288,8.0,22.588520507812504,-268.59316406249997,24.791938476562514,28.427578124999986,69.10163574218751,2.6396947265625,23.30549668539864,3.50563798828125,55.93171247909698,0.0,18.0,0.0,,,,,18.0,0.0,0.0,2024-11-27 19:27:34.524407000,2024-11-27 14:27:34.524407000
2024-05-28 20:44:32.978275,428655.288,9.0,22.588520507812504,-268.59316406249997,24.791938476562514,28.427578124999986,69.10163574218751,2.6396947265625,23.30549668539864,3.50563798828125,55.93171247909698,0.0,18.0,0.0,,,,,19.0,0.0,0.0,2024-11-27 19:27:35.532207000,2024-11-27 14:27:35.532207000
2024-05-28 20:44:33.970125,428656.288,10.0,22.588520507812504,-268.59316406249997,24.791938476562514,28.427578124999986,69.10163574218751,2.6396947265625,23.30549668539864,3.50563798828125,55.93171247909698,0.0,18.0,0.0,,,,,23.0,0.0,0.0,2024-11-27 19:27:36.524057000,2024-11-27 14:27:36.524057000
2024-05-28 20:44:34.977950,428657.288,11.0,22.588520507812504,-268.59316406249997,24.791938476562514,28.427578124999986,69.10163574218751,2.6396947265625,23.30549668539864,3.50563798828125,55.93171247909698,0.0,18.0,0.0,,,,,18.0,0.0,0.0,2024-11-27 19:27:37.531882000,2024-11-27 14:27:37.531882000
2024-05-28 20:44:35.969850,428658.288,0.0,22.588520507812504,-268.59316406249997,24.791938476562514,28.427578124999986,69.10163574218751,2.6396947265625,23.30549668539864,3.50563798828125,55.93171247909698,0.0,18.0,0.0,,,,,18.0,0.0,0.0,2024-11-27 19:27:38.523782000,2024-11-27 14:27:38.523782000
2024-05-28 20:44:36.977725,428659.288,1.0,22.588520507812504,-268.48299316406246,24.791938476562514,28.427578124999986,69.10163574218751,2.6396947265625,23.30549668539864,3.50563798828125,55.93171247909698,0.0,18.0,0.0,,,,,18.0,0.0,0.0,2024-11-27 19:27:39.531657000,2024-11-27 14:27:39.531657000
2024-05-28 20:44:37.969475,428660.288,2.0,22.588520507812504,-268.48299316406246,24.791938476562514,28.427578124999986,69.10163574218751,2.6396947265625,23.30549668539864,3.50563798828125,55.93171247909698,0.0,18.0,0.0,,,,,21.0,0.0,0.0,2024-11-27 19:27:40.523407000,2024-11-27 14:27:40.523407000
2024-05-28 20:44:38.977325,428661.288,3.0,22.588520507812504,-268.48299316406246,24.791938476562514,28.427578124999986,69.10163574218751,2.6396947265625,23.30549668539864,3.50563798828125,55.93171247909698,0.0,18.0,0.0,,,,,14.0,0.0,0.0,2024-11-27 19:27:41.531257000,2024-11-27 14:27:41.531257000
2024-05-28 20:44:39.969175,428662.288,4.0,22.588520507812504,-268.48299316406246,24.791938476562514,28.427578124999986,68.3671630859375,2.6396947265625,23.30549668539864,3.50563798828125,55.93171247909698,0.0,18.0,0.0,,,,,14.0,0.0,0.0,2024-11-27 19:27:42.523107000,2024-11-27 14:27:42.523107000
2024-05-28 20:44:40.976975,428663.288,5.0,22.588520507812504,-268.48299316406246,24.791938476562514,28.427578124999986,68.3671630859375,2.63749130859375,23.30549668539864,3.50563798828125,55.93171247909698,0.0,18.0,0.0,,,,,17.0,0.0,0.0,2024-11-27 19:27:43.530907000,2024-11-27 14:27:43.530907000
2024-05-28 20:44:41.969075,428664.288,6.0,22.588520507812504,-268.48299316406246,24.791938476562514,28.427578124999986,68.3671630859375,2.63749130859375,23.30549668539864,3.50563798828125,55.93171247909698,0.0,18.0,0.0,,,,,23.0,0.0,0.0,2024-11-27 19:27:44.523007000,2024-11-27 14:27:44.523007000
2024-05-28 20:44:42.976675,428665.288,7.0,22.588520507812504,-268.48299316406246,24.791938476562514,28.427578124999986,68.3671630859375,2.63749130859375,23.30549668539864,3.50563798828125,55.93171247909698,0.0,18.0,0.0,,,,,23.0,0.0,0.0,2024-11-27 19:27:45.530607000,2024-11-27 14:27:45.530607000
2024-05-28 20:44:43.968500,428666.288,8.0,22.588520507812504,-268.48299316406246,24.791938476562514,28.427578124999986,68.3671630859375,2.63749130859375,23.30549668539864,3.50563798828125,55.93171247909698,0.0,18.0,0.0,,,,,12.0,0.0,0.0,2024-11-27 19:27:46.522432000,2024-11-27 14:27:46.522432000
2024-05-28 20:44:44.976625,428667.288,9.0,22.588520507812504,-268.48299316406246,24.791938476562514,28.427578124999986,68.3671630859375,2.63749130859375,23.30549668539864,3.50563798828125,55.93171247909698,0.0,18.0,0.0,,,,,14.0,0.0,0.0,2024-11-27 19:27:47.530557000,2024-11-27 14:27:47.530557000
2024-05-28 20:44:45.968225,428668.288,10.0,22.588520507812504,-268.48299316406246,24.791938476562514,28.427578124999986,68.3671630859375,2.63749130859375,23.30549668539864,3.50563798828125,55.93171247909698,0.0,18.0,0.0,,,,,30.0,0.0,0.0,2024-11-27 19:27:48.522157000,2024-11-27 14:27:48.522157000
2024-05-28 20:44:46.976175,428669.288,11.0,22.588520507812504,-268.48299316406246,24.791938476562514,28.427578124999986,68.3671630859375,2.63749130859375,23.30549668539864,3.50563798828125,55.93171247909698,0.0,18.0,0.0,,,,,20.0,0.0,0.0,2024-11-27 19:27:49.530107000,2024-11-27 14:27:49.530107000
2024-05-28 20:44:47.968225,428670.288,0.0,22.588520507812504,-268.48299316406246,24.791938476562514,28.427578124999986,68.3671630859375,2.63749130859375,23.30549668539864,3.50563798828125,55.93171247909698,0.0,18.0,0.0,,,,,29.0,0.0,0.0,2024-11-27 19:27:50.522157000,2024-11-27 14:27:50.522157000
2024-05-28 20:44:48.975725,428671.288,1.0,22.588520507812504,-268.48299316406246,24.791938476562514,28.427578124999986,68.3671630859375,2.63749130859375,23.30549668539864,3.50563798828125,55.93171247909698,0.0,18.0,0.0,,,,,18.0,0.0,0.0,2024-11-27 19:27:51.529657000,2024-11-27 14:27:51.529657000
2024-05-28 20:44:49.967575,428672.288,2.0,22.588520507812504,-268.48299316406246,24.791938476562514,28.427578124999986,68.3671630859375,2.63749130859375,23.30549668539864,3.50563798828125,55.93171247909698,0.0,18.0,0.0,,,,,26.0,0.0,0.0,2024-11-27 19:27:52.521507000,2024-11-27 14:27:52.521507000
2024-05-28 20:44:50.975800,428673.288,3.0,22.588520507812504,-268.48299316406246,24.791938476562514,28.537749023437485,68.3671630859375,2.63749130859375,23.30549668539864,3.50563798828125,55.93171247909698,0.0,18.0,0.0,,,,,21.0,0.0,0.0,2024-11-27 19:27:53.529732000,2024-11-27 14:27:53.529732000
2024-05-28 20:44:51.967225,428674.288,4.0,22.588520507812504,-268.48299316406246,24.791938476562514,28.537749023437485,69.83610839843749,2.63749130859375,23.30549668539864,3.50563798828125,55.93171247909698,0.0,18.0,0.0,,,,,22.0,0.0,0.0,2024-11-27 19:27:54.521157000,2024-11-27 14:27:54.521157000
2024-05-28 20:44:52.975150,428675.288,5.0,22.588520507812504,-268.48299316406246,24.791938476562514,28.537749023437485,69.83610839843749,2.63749130859375,23.30549668539864,3.50563798828125,55.93171247909698,0.0,18.0,0.0,,,,,22.0,0.0,0.0,2024-11-27 19:27:55.529082000,2024-11-27 14:27:55.529082000
2024-05-28 20:44:53.966900,428676.288,6.0,22.588520507812504,-268.48299316406246,24.791938476562514,28.537749023437485,69.83610839843749,2.63749130859375,23.30549668539864,3.50563798828125,55.93171247909698,0.0,18.0,0.0,,,,,15.0,0.0,0.0,2024-11-27 19:27:56.520832000,2024-11-27 14:27:56.520832000
2024-05-28 20:44:54.975175,428677.288,7.0,22.588520507812504,-268.48299316406246,24.791938476562514,28.537749023437485,69.83610839843749,2.63749130859375,23.30549668539864,3.50563798828125,55.93171247909698,0.0,18.0,0.0,,,,,26.0,0.0,0.0,2024-11-27 19:27:57.529107000,2024-11-27 14:27:57.529107000
2024-05-28 20:44:55.966800,428678.288,8.0,22.588520507812504,-268.48299316406246,24.791938476562514,28.537749023437485,69.83610839843749,2.63749130859375,23.30549668539864,3.50563798828125,56.05453399352006,0.0,18.0,0.0,,,,,18.0,0.0,0.0,2024-11-27 19:27:58.520732000,2024-11-27 14:27:58.520732000
2024-05-28 20:44:56.974450,428679.288,9.0,22.588520507812504,-268.48299316406246,24.791938476562514,28.537749023437485,69.83610839843749,2.63749130859375,23.30549668539864,3.50563798828125,56.05453399352006,0.0,18.0,0.0,,,,,29.0,0.0,0.0,2024-11-27 19:27:59.528382000,2024-11-27 14:27:59.528382000
2024-05-28 20:44:57.966050,428680.288,10.0,22.588520507812504,-268.48299316406246,24.791938476562514,28.537749023437485,69.83610839843749,2.63749130859375,23.30549668539864,3.50563798828125,56.05453399352006,0.0,18.0,0.0,,,,,19.0,0.0,0.0,2024-11-27 19:28:00.519982000,2024-11-27 14:28:00.519982000
2024-05-28 20:44:58.974050,428681.288,11.0,22.588520507812504,-268.48299316406246,24.791938476562514,28.537749023437485,69.83610839843749,2.63749130859375,23.30549668539864,3.50563798828125,56.05453399352006,0.0,18.0,0.0,,,,,12.0,0.0,0.0,2024-11-27 19:28:01.527982000,2024-11-27 14:28:01.527982000
2024-05-28 20:44:59.981925,428682.288,0.0,22.588520507812504,-268.48299316406246,24.791938476562514,28.537749023437485,69.83610839843749,2.63749130859375,23.30549668539864,3.50563798828125,56.05453399352006,0.0,18.0,0.0,,,,,17.0,0.0,0.0,2024-11-27 19:28:02.535857000,2024-11-27 14:28:02.535857000
2024-05-28 20:45:00.973775,428683.288,1.0,22.588520507812504,-268.48299316406246,24.791938476562514,28.537749023437485,69.83610839843749,2.63749130859375,23.30549668539864,3.50563798828125,56.05453399352006,0.0,18.0,0.0,,,,,24.0,0.0,0.0,2024-11-27 19:28:03.527707000,2024-11-27 14:28:03.527707000
2024-05-28 20:45:01.981600,428684.288,2.0,22.588520507812504,-268.48299316406246,24.791938476562514,28.537749023437485,69.83610839843749,2.63749130859375,23.30549668539864,3.50563798828125,56.05453399352006,0.0,18.0,0.0,,,,,16.0,0.0,0.0,2024-11-27 19:28:04.535532000,2024-11-27 14:28:04.535532000
2024-05-28 20:45:02.973400,428685.288,3.0,22.588520507812504,-268.48299316406246,24.791938476562514,28.427578124999986,69.83610839843749,2.63749130859375,23.30549668539864,3.50563798828125,56.05453399352006,0.0,18.0,0.0,,,,,29.0,0.0,0.0,2024-11-27 19:28:05.527332000,2024-11-27 14:28:05.527332000
2024-05-28 20:45:03.981250,428686.288,4.0,22.588520507812504,-268.48299316406246,24.791938476562514,28.427578124999986,69.0404296875,2.63749130859375,23.30549668539864,3.50563798828125,56.05453399352006,0.0,18.0,0.0,,,,,24.0,0.0,0.0,2024-11-27 19:28:06.535182000,2024-11-27 14:28:06.535182000
2024-05-28 20:45:04.973075,428687.288,5.0,22.588520507812504,-268.48299316406246,24.791938476562514,28.427578124999986,69.0404296875,2.638593017578125,23.30549668539864,3.50563798828125,56.05453399352006,0.0,18.0,0.0,,,,,30.0,0.0,0.0,2024-11-27 19:28:07.527007000,2024-11-27 14:28:07.527007000
2024-05-28 20:45:05.981125,428688.288,6.0,22.588520507812504,-268.48299316406246,24.791938476562514,28.427578124999986,69.0404296875,2.638593017578125,23.30549668539864,3.50563798828125,56.05453399352006,0.0,18.0,0.0,,,,,26.0,0.0,0.0,2024-11-27 19:28:08.535057000,2024-11-27 14:28:08.535057000
2024-05-28 20:45:06.972725,428689.288,7.0,22.588520507812504,-268.48299316406246,24.791938476562514,28.427578124999986,69.0404296875,2.638593017578125,23.30549668539864,3.504536279296875,56.05453399352006,0.0,18.0,0.0,,,,,17.0,0.0,0.0,2024-11-27 19:28:09.526657000,2024-11-27 14:28:09.526657000
2024-05-28 20:45:07.980575,428690.288,8.0,22.588520507812504,-268.48299316406246,24.791938476562514,28.427578124999986,69.0404296875,2.638593017578125,23.30549668539864,3.504536279296875,56.05453399352006,0.0,18.0,0.0,,,,,13.0,0.0,0.0,2024-11-27 19:28:10.534507000,2024-11-27 14:28:10.534507000
2024-05-28 20:45:08.972475,428691.288,9.0,22.588520507812504,-268.48299316406246,24.791938476562514,28.427578124999986,69.0404296875,2.638593017578125,23.30549668539864,3.504536279296875,56.05453399352006,0.0,18.0,0.0,,,,,20.0,0.0,0.0,2024-11-27 19:28:11.526407000,2024-11-27 14:28:11.526407000
2024-05-28 20:45:09.980500,428692.288,10.0,22.588520507812504,-268.48299316406246,24.791938476562514,28.427578124999986,69.0404296875,2.638593017578125,23.30549668539864,3.504536279296875,56.05453399352006,0.0,18.0,0.0,,,,,18.0,0.0,0.0,2024-11-27 19:28:12.534432000,2024-11-27 14:28:12.534432000
2024-05-28 20:45:10.972100,428693.288,11.0,22.588520507812504,-268.48299316406246,24.791938476562514,28.427578124999986,69.0404296875,2.638593017578125,23.30549668539864,3.504536279296875,56.05453399352006,0.0,18.0,0.0,,,,,17.0,0.0,0.0,2024-11-27 19:28:13.526032000,2024-11-27 14:28:13.526032000
2024-05-28 20:45:11.980025,428694.288,0.0,22.588520507812504,-268.48299316406246,24.791938476562514,28.427578124999986,69.0404296875,2.638593017578125,23.30549668539864,3.504536279296875,56.05453399352006,0.0,18.0,0.0,,,,,22.0,0.0,0.0,2024-11-27 19:28:14.533957000,2024-11-27 14:28:14.533957000
2024-05-28 20:45:12.972250,428695.288,1.0,22.588520507812504,-268.48299316406246,24.791938476562514,28.427578124999986,69.0404296875,2.638593017578125,23.30549668539864,3.504536279296875,56.05453399352006,0.0,18.0,0.0,,,,,16.0,0.0,0.0,2024-11-27 19:28:15.526182000,2024-11-27 14:28:15.526182000
2024-05-28 20:45:13.979800,428696.288,2.0,22.588520507812504,-268.48299316406246,24.791938476562514,28.427578124999986,69.0404296875,2.638593017578125,23.30549668539864,3.504536279296875,56.05453399352006,0.0,18.0,0.0,,,,,13.0,0.0,0.0,2024-11-27 19:28:16.533732000,2024-11-27 14:28:16.533732000
2024-05-28 20:45:14.971400,428697.288,3.0,22.588520507812504,-268.48299316406246,24.791938476562514,28.427578124999986,69.0404296875,2.638593017578125,23.30549668539864,3.504536279296875,56.05453399352006,0.0,18.0,0.0,,,,,26.0,0.0,0.0,2024-11-27 19:28:17.525332000,2024-11-27 14:28:17.525332000
2024-05-28 20:45:15.979325,428698.288,4.0,22.588520507812504,-268.48299316406246,24.791938476562514,28.427578124999986,69.7136962890625,2.638593017578125,23.30549668539864,3.504536279296875,56.05453399352006,0.0,18.0,0.0,,,,,15.0,0.0,0.0,2024-11-27 19:28:18.533257000,2024-11-27 14:28:18.533257000
2024-05-28 20:45:16.971100,428699.288,5.0,22.588520507812504,-268.48299316406246,24.791938476562514,28.427578124999986,69.7136962890625,2.638593017578125,23.30549668539864,3.504536279296875,56.05453399352006,0.0,18.0,0.0,,,,,23.0,0.0,0.0,2024-11-27 19:28:19.525032000,2024-11-27 14:28:19.525032000
2024-05-28 20:45:17.978925,428700.288,6.0,22.588520507812504,-268.48299316406246,24.791938476562514,28.427578124999986,69.7136962890625,2.638593017578125,23.30549668539864,3.504536279296875,56.05453399352006,0.0,18.0,0.0,,,,,24.0,0.0,0.0,2024-11-27 19:28:20.532857000,2024-11-27 14:28:20.532857000
2024-05-28 20:45:18.970875,428701.288,7.0,22.588520507812504,-268.48299316406246,24.791938476562514,28.427578124999986,69.7136962890625,2.638593017578125,23.30549668539864,3.50563798828125,56.05453399352006,0.0,18.0,0.0,,,,,18.0,0.0,0.0,2024-11-27 19:28:21.524807000,2024-11-27 14:28:21.524807000
2024-05-28 20:45:19.978850,428702.288,8.0,22.588520507812504,-268.48299316406246,24.791938476562514,28.427578124999986,69.7136962890625,2.638593017578125,23.30549668539864,3.50563798828125,56.05453399352006,0.0,18.0,0.0,,,,,12.0,0.0,0.0,2024-11-27 19:28:22.532782000,2024-11-27 14:28:22.532782000
2024-05-28 20:45:20.968825,428703.288,9.0,22.588520507812504,-268.48299316406246,24.791938476562514,28.427578124999986,69.7136962890625,2.638593017578125,23.30549668539864,3.50563798828125,56.05453399352006,0.0,18.0,0.0,,,,,30.0,0.0,0.0,2024-11-27 19:28:23.522757000,2024-11-27 14:28:23.522757000
2024-05-28 20:45:21.976325,428704.288,10.0,22.588520507812504,-268.48299316406246,24.791938476562514,28.427578124999986,69.7136962890625,2.638593017578125,23.30549668539864,3.50563798828125,56.05453399352006,0.0,18.0,0.0,,,,,15.0,0.0,0.0,2024-11-27 19:28:24.530257000,2024-11-27 14:28:24.530257000
2024-05-28 20:45:22.982750,428705.288,11.0,22.588520507812504,-268.48299316406246,24.791938476562514,28.427578124999986,69.7136962890625,2.638593017578125,23.30549668539864,3.50563798828125,56.05453399352006,0.0,18.0,0.0,,,,,21.0,0.0,0.0,2024-11-27 19:28:25.536682000,2024-11-27 14:28:25.536682000
2024-05-28 20:45:23.974025,428706.288,0.0,22.588520507812504,-268.48299316406246,24.791938476562514,28.427578124999986,69.7136962890625,2.638593017578125,23.30549668539864,3.50563798828125,56.05453399352006,0.0,18.0,0.0,,,,,21.0,0.0,0.0,2024-11-27 19:28:26.527957000,2024-11-27 14:28:26.527957000
2024-05-28 20:45:24.981800,428707.288,1.0,22.588520507812504,-268.37282226562496,24.791938476562514,28.427578124999986,69.7136962890625,2.638593017578125,23.30549668539864,3.50563798828125,56.05453399352006,0.0,18.0,0.0,,,,,23.0,0.0,0.0,2024-11-27 19:28:27.535732000,2024-11-27 14:28:27.535732000
2024-05-28 20:45:25.973625,428708.288,2.0,22.588520507812504,-268.37282226562496,24.791938476562514,28.427578124999986,69.7136962890625,2.638593017578125,23.30549668539864,3.50563798828125,56.05453399352006,0.0,18.0,0.0,,,,,20.0,0.0,0.0,2024-11-27 19:28:28.527557000,2024-11-27 14:28:28.527557000
2024-05-28 20:45:26.981250,428709.288,3.0,22.588520507812504,-268.37282226562496,24.791938476562514,28.427578124999986,69.7136962890625,2.638593017578125,23.30549668539864,3.50563798828125,56.05453399352006,0.0,18.0,0.0,,,,,25.0,0.0,0.0,2024-11-27 19:28:29.535182000,2024-11-27 14:28:29.535182000
2024-05-28 20:45:27.973075,428710.288,4.0,22.588520507812504,-268.37282226562496,24.791938476562514,28.427578124999986,68.6119873046875,2.638593017578125,23.30549668539864,3.50563798828125,56.05453399352006,0.0,18.0,0.0,,,,,22.0,0.0,0.0,2024-11-27 19:28:30.527007000,2024-11-27 14:28:30.527007000
2024-05-28 20:45:28.980925,428711.288,5.0,22.588520507812504,-268.37282226562496,24.791938476562514,28.427578124999986,68.6119873046875,2.6396947265625,23.30549668539864,3.50563798828125,56.05453399352006,0.0,18.0,0.0,,,,,16.0,0.0,0.0,2024-11-27 19:28:31.534857000,2024-11-27 14:28:31.534857000
2024-05-28 20:45:29.973025,428712.288,6.0,22.588520507812504,-268.37282226562496,24.791938476562514,28.427578124999986,68.6119873046875,2.6396947265625,23.30549668539864,3.50563798828125,56.05453399352006,0.0,18.0,0.0,,,,,23.0,0.0,0.0,2024-11-27 19:28:32.526957000,2024-11-27 14:28:32.526957000
2024-05-28 20:45:30.980775,428713.288,7.0,22.588520507812504,-268.37282226562496,24.791938476562514,28.427578124999986,68.6119873046875,2.6396947265625,23.30549668539864,3.50563798828125,56.05453399352006,0.0,18.0,0.0,,,,,19.0,0.0,0.0,2024-11-27 19:28:33.534707000,2024-11-27 14:28:33.534707000
2024-05-28 20:45:31.970650,428714.288,8.0,22.588520507812504,-268.37282226562496,24.791938476562514,28.427578124999986,68.6119873046875,2.6396947265625,23.30549668539864,3.50563798828125,56.05453399352006,0.0,18.0,0.0,,,,,23.0,0.0,0.0,2024-11-27 19:28:34.524582000,2024-11-27 14:28:34.524582000
2024-05-28 20:45:32.978550,428715.288,9.0,22.588520507812504,-268.37282226562496,24.791938476562514,28.427578124999986,68.6119873046875,2.6396947265625,23.30549668539864,3.50563798828125,56.05453399352006,0.0,18.0,0.0,,,,,20.0,0.0,0.0,2024-11-27 19:28:35.532482000,2024-11-27 14:28:35.532482000
2024-05-28 20:45:33.970125,428716.288,10.0,22.588520507812504,-268.37282226562496,24.791938476562514,28.427578124999986,68.6119873046875,2.6396947265625,23.30549668539864,3.50563798828125,56.05453399352006,0.0,18.0,0.0,,,,,26.0,0.0,0.0,2024-11-27 19:28:36.524057000,2024-11-27 14:28:36.524057000
2024-05-28 20:45:34.978275,428717.288,11.0,22.588520507812504,-268.37282226562496,24.791938476562514,28.427578124999986,68.6119873046875,2.6396947265625,23.30549668539864,3.50563798828125,56.05453399352006,0.0,18.0,0.0,,,,,17.0,0.0,0.0,2024-11-27 19:28:37.532207000,2024-11-27 14:28:37.532207000
2024-05-28 20:45:35.969775,428718.288,0.0,22.588520507812504,-268.37282226562496,24.791938476562514,28.427578124999986,68.6119873046875,2.6396947265625,23.30549668539864,3.50563798828125,56.05453399352006,0.0,18.0,0.0,,,,,18.0,0.0,0.0,2024-11-27 19:28:38.523707000,2024-11-27 14:28:38.523707000
2024-05-28 20:45:36.977800,428719.288,1.0,22.588520507812504,-268.48299316406246,24.791938476562514,28.427578124999986,68.6119873046875,2.6396947265625,23.30549668539864,3.50563798828125,56.05453399352006,0.0,18.0,0.0,,,,,15.0,0.0,0.0,2024-11-27 19:28:39.531732000,2024-11-27 14:28:39.531732000
2024-05-28 20:45:37.969675,428720.288,2.0,22.588520507812504,-268.48299316406246,24.791938476562514,28.427578124999986,68.6119873046875,2.6396947265625,23.30549668539864,3.50563798828125,56.05453399352006,0.0,18.0,0.0,,,,,26.0,0.0,0.0,2024-11-27 19:28:40.523607000,2024-11-27 14:28:40.523607000
2024-05-28 20:45:38.977500,428721.288,3.0,22.588520507812504,-268.48299316406246,24.791938476562514,28.427578124999986,68.6119873046875,2.6396947265625,23.30549668539864,3.50563798828125,56.05453399352006,0.0,18.0,0.0,,,,,23.0,0.0,0.0,2024-11-27 19:28:41.531432000,2024-11-27 14:28:41.531432000
2024-05-28 20:45:39.969150,428722.288,4.0,22.588520507812504,-268.48299316406246,24.791938476562514,28.427578124999986,68.918017578125,2.6396947265625,23.30549668539864,3.50563798828125,56.05453399352006,0.0,18.0,0.0,,,,,16.0,0.0,0.0,2024-11-27 19:28:42.523082000,2024-11-27 14:28:42.523082000
2024-05-28 20:45:40.977200,428723.288,5.0,22.588520507812504,-268.48299316406246,24.791938476562514,28.427578124999986,68.918017578125,2.63749130859375,23.30549668539864,3.50563798828125,56.05453399352006,0.0,18.0,0.0,,,,,26.0,0.0,0.0,2024-11-27 19:28:43.531132000,2024-11-27 14:28:43.531132000
2024-05-28 20:45:41.968800,428724.288,6.0,22.588520507812504,-268.48299316406246,24.791938476562514,28.427578124999986,68.918017578125,2.63749130859375,23.30549668539864,3.50563798828125,56.05453399352006,0.0,18.0,0.0,,,,,25.0,0.0,0.0,2024-11-27 19:28:44.522732000,2024-11-27 14:28:44.522732000
2024-05-28 20:45:42.977200,428725.288,7.0,22.588520507812504,-268.48299316406246,24.791938476562514,28.427578124999986,68.918017578125,2.63749130859375,23.30549668539864,3.50563798828125,56.05453399352006,0.0,18.0,0.0,,,,,14.0,0.0,0.0,2024-11-27 19:28:45.531132000,2024-11-27 14:28:45.531132000
2024-05-28 20:45:43.968700,428726.288,8.0,22.588520507812504,-268.48299316406246,24.791938476562514,28.427578124999986,68.918017578125,2.63749130859375,23.30549668539864,3.50563798828125,55.93171247909698,0.0,18.0,0.0,,,,,22.0,0.0,0.0,2024-11-27 19:28:46.522632000,2024-11-27 14:28:46.522632000
2024-05-28 20:45:44.976525,428727.288,9.0,22.588520507812504,-268.48299316406246,24.791938476562514,28.427578124999986,68.918017578125,2.63749130859375,23.30549668539864,3.50563798828125,55.93171247909698,0.0,18.0,0.0,,,,,20.0,0.0,0.0,2024-11-27 19:28:47.530457000,2024-11-27 14:28:47.530457000
2024-05-28 20:45:45.968300,428728.288,10.0,22.588520507812504,-268.48299316406246,24.791938476562514,28.427578124999986,68.918017578125,2.63749130859375,23.30549668539864,3.50563798828125,55.93171247909698,0.0,18.0,0.0,,,,,23.0,0.0,0.0,2024-11-27 19:28:48.522232000,2024-11-27 14:28:48.522232000
2024-05-28 20:45:46.976225,428729.288,11.0,22.588520507812504,-268.48299316406246,24.791938476562514,28.427578124999986,68.918017578125,2.63749130859375,23.30549668539864,3.50563798828125,55.93171247909698,0.0,18.0,0.0,,,,,21.0,0.0,0.0,2024-11-27 19:28:49.530157000,2024-11-27 14:28:49.530157000
2024-05-28 20:45:47.968300,428730.288,0.0,22.588520507812504,-268.48299316406246,24.791938476562514,28.427578124999986,68.918017578125,2.63749130859375,23.30549668539864,3.50563798828125,55.93171247909698,0.0,18.0,0.0,,,,,16.0,0.0,0.0,2024-11-27 19:28:50.522232000,2024-11-27 14:28:50.522232000
2024-05-28 20:45:48.975650,428731.288,1.0,22.588520507812504,-268.48299316406246,24.791938476562514,28.427578124999986,68.918017578125,2.63749130859375,23.30549668539864,3.50563798828125,55.93171247909698,0.0,18.0,0.0,,,,,24.0,0.0,0.0,2024-11-27 19:28:51.529582000,2024-11-27 14:28:51.529582000
2024-05-28 20:45:49.968250,428732.288,2.0,22.588520507812504,-268.48299316406246,24.791938476562514,28.427578124999986,68.918017578125,2.63749130859375,23.30549668539864,3.50563798828125,55.93171247909698,0.0,18.0,0.0,,,,,24.0,0.0,0.0,2024-11-27 19:28:52.522182000,2024-11-27 14:28:52.522182000
2024-05-28 20:45:50.975550,428733.288,3.0,22.588520507812504,-268.48299316406246,24.791938476562514,28.427578124999986,68.918017578125,2.63749130859375,23.30549668539864,3.50563798828125,55.93171247909698,0.0,18.0,0.0,,,,,27.0,0.0,0.0,2024-11-27 19:28:53.529482000,2024-11-27 14:28:53.529482000
2024-05-28 20:45:51.967400,428734.288,4.0,22.588520507812504,-268.48299316406246,24.791938476562514,28.427578124999986,68.428369140625,2.63749130859375,23.30549668539864,3.50563798828125,55.93171247909698,0.0,18.0,0.0,,,,,14.0,0.0,0.0,2024-11-27 19:28:54.521332000,2024-11-27 14:28:54.521332000
2024-05-28 20:45:52.975225,428735.288,5.0,22.588520507812504,-268.48299316406246,24.791938476562514,28.427578124999986,68.428369140625,2.63749130859375,23.30549668539864,3.50563798828125,55.93171247909698,0.0,18.0,0.0,,,,,25.0,0.0,0.0,2024-11-27 19:28:55.529157000,2024-11-27 14:28:55.529157000
2024-05-28 20:45:53.967100,428736.288,6.0,22.588520507812504,-268.48299316406246,24.791938476562514,28.427578124999986,68.428369140625,2.63749130859375,23.30549668539864,3.50563798828125,55.93171247909698,0.0,18.0,0.0,,,,,20.0,0.0,0.0,2024-11-27 19:28:56.521032000,2024-11-27 14:28:56.521032000
2024-05-28 20:45:54.975125,428737.288,7.0,22.588520507812504,-268.48299316406246,24.791938476562514,28.427578124999986,68.428369140625,2.63749130859375,23.30549668539864,3.50563798828125,55.93171247909698,0.0,18.0,0.0,,,,,20.0,0.0,0.0,2024-11-27 19:28:57.529057000,2024-11-27 14:28:57.529057000
2024-05-28 20:45:55.966625,428738.288,8.0,22.588520507812504,-268.48299316406246,24.791938476562514,28.427578124999986,68.428369140625,2.63749130859375,23.30549668539864,3.50563798828125,55.87030172188544,0.0,18.0,0.0,,,,,19.0,0.0,0.0,2024-11-27 19:28:58.520557000,2024-11-27 14:28:58.520557000
2024-05-28 20:45:56.974575,428739.288,9.0,22.588520507812504,-268.48299316406246,24.791938476562514,28.427578124999986,68.428369140625,2.63749130859375,23.30549668539864,3.50563798828125,55.87030172188544,0.0,18.0,0.0,,,,,18.0,0.0,0.0,2024-11-27 19:28:59.528507000,2024-11-27 14:28:59.528507000
2024-05-28 20:45:57.982475,428740.288,10.0,22.588520507812504,-268.48299316406246,24.791938476562514,28.427578124999986,68.428369140625,2.63749130859375,23.30549668539864,3.50563798828125,55.87030172188544,0.0,18.0,0.0,,,,,21.0,0.0,0.0,2024-11-27 19:29:00.536407000,2024-11-27 14:29:00.536407000
2024-05-28 20:45:58.974450,428741.288,11.0,22.588520507812504,-268.48299316406246,24.791938476562514,28.427578124999986,68.428369140625,2.63749130859375,23.30549668539864,3.50563798828125,55.87030172188544,0.0,18.0,0.0,,,,,18.0,0.0,0.0,2024-11-27 19:29:01.528382000,2024-11-27 14:29:01.528382000
2024-05-28 20:45:59.982000,428742.288,0.0,22.588520507812504,-268.48299316406246,24.791938476562514,28.427578124999986,68.428369140625,2.63749130859375,23.30549668539864,3.50563798828125,55.87030172188544,0.0,18.0,0.0,,,,,18.0,0.0,0.0,2024-11-27 19:29:02.535932000,2024-11-27 14:29:02.535932000
2024-05-28 20:46:00.974000,428743.288,1.0,22.588520507812504,-268.26265136718746,24.791938476562514,28.427578124999986,68.428369140625,2.63749130859375,23.30549668539864,3.50563798828125,55.87030172188544,0.0,18.0,0.0,,,,,19.0,0.0,0.0,2024-11-27 19:29:03.527932000,2024-11-27 14:29:03.527932000
2024-05-28 20:46:01.981725,428744.288,2.0,22.588520507812504,-268.26265136718746,24.791938476562514,28.427578124999986,68.428369140625,2.63749130859375,23.30549668539864,3.50563798828125,55.87030172188544,0.0,18.0,0.0,,,,,27.0,0.0,0.0,2024-11-27 19:29:04.535657000,2024-11-27 14:29:04.535657000
2024-05-28 20:46:02.973925,428745.288,3.0,22.588520507812504,-268.26265136718746,24.791938476562514,28.427578124999986,68.428369140625,2.63749130859375,23.30549668539864,3.50563798828125,55.87030172188544,0.0,18.0,0.0,,,,,14.0,0.0,0.0,2024-11-27 19:29:05.527857000,2024-11-27 14:29:05.527857000
2024-05-28 20:46:03.981450,428746.288,4.0,22.588520507812504,-268.26265136718746,24.791938476562514,28.427578124999986,69.0404296875,2.63749130859375,23.30549668539864,3.50563798828125,55.87030172188544,0.0,18.0,0.0,,,,,20.0,0.0,0.0,2024-11-27 19:29:06.535382000,2024-11-27 14:29:06.535382000
2024-05-28 20:46:04.973675,428747.288,5.0,22.588520507812504,-268.26265136718746,24.791938476562514,28.427578124999986,69.0404296875,2.63749130859375,23.30549668539864,3.50563798828125,55.87030172188544,0.0,18.0,0.0,,,,,22.0,0.0,0.0,2024-11-27 19:29:07.527607000,2024-11-27 14:29:07.527607000
2024-05-28 20:46:05.981300,428748.288,6.0,22.588520507812504,-268.26265136718746,24.791938476562514,28.427578124999986,69.0404296875,2.63749130859375,23.30549668539864,3.50563798828125,55.87030172188544,0.0,18.0,0.0,,,,,20.0,0.0,0.0,2024-11-27 19:29:08.535232000,2024-11-27 14:29:08.535232000
2024-05-28 20:46:06.973200,428749.288,7.0,22.588520507812504,-268.26265136718746,24.791938476562514,28.427578124999986,69.0404296875,2.63749130859375,23.30549668539864,3.50563798828125,55.87030172188544,0.0,18.0,0.0,,,,,23.0,0.0,0.0,2024-11-27 19:29:09.527132000,2024-11-27 14:29:09.527132000
2024-05-28 20:46:07.980750,428750.288,8.0,22.588520507812504,-268.26265136718746,24.791938476562514,28.427578124999986,69.0404296875,2.63749130859375,23.30549668539864,3.50563798828125,56.05453399352006,0.0,18.0,0.0,,,,,17.0,0.0,0.0,2024-11-27 19:29:10.534682000,2024-11-27 14:29:10.534682000
2024-05-28 20:46:08.972975,428751.288,9.0,22.588520507812504,-268.26265136718746,24.791938476562514,28.427578124999986,69.0404296875,2.63749130859375,23.30549668539864,3.50563798828125,56.05453399352006,0.0,18.0,0.0,,,,,23.0,0.0,0.0,2024-11-27 19:29:11.526907000,2024-11-27 14:29:11.526907000
2024-05-28 20:46:09.980250,428752.288,10.0,22.588520507812504,-268.26265136718746,24.791938476562514,28.427578124999986,69.0404296875,2.63749130859375,23.30549668539864,3.50563798828125,56.05453399352006,0.0,18.0,0.0,,,,,19.0,0.0,0.0,2024-11-27 19:29:12.534182000,2024-11-27 14:29:12.534182000
2024-05-28 20:46:10.972350,428753.288,11.0,22.588520507812504,-268.26265136718746,24.791938476562514,28.427578124999986,69.0404296875,2.63749130859375,23.30549668539864,3.50563798828125,56.05453399352006,0.0,18.0,0.0,,,,,17.0,0.0,0.0,2024-11-27 19:29:13.526282000,2024-11-27 14:29:13.526282000
2024-05-28 20:46:11.980175,428754.288,0.0,22.588520507812504,-268.26265136718746,24.791938476562514,28.427578124999986,69.0404296875,2.63749130859375,23.30549668539864,3.50563798828125,56.05453399352006,0.0,18.0,0.0,,,,,21.0,0.0,0.0,2024-11-27 19:29:14.534107000,2024-11-27 14:29:14.534107000
2024-05-28 20:46:12.971975,428755.288,1.0,22.588520507812504,-268.48299316406246,24.791938476562514,28.427578124999986,69.0404296875,2.63749130859375,23.30549668539864,3.50563798828125,56.05453399352006,0.0,18.0,0.0,,,,,24.0,0.0,0.0,2024-11-27 19:29:15.525907000,2024-11-27 14:29:15.525907000
2024-05-28 20:46:13.979800,428756.288,2.0,22.588520507812504,-268.48299316406246,24.791938476562514,28.427578124999986,69.0404296875,2.63749130859375,23.30549668539864,3.50563798828125,56.05453399352006,0.0,18.0,0.0,,,,,22.0,0.0,0.0,2024-11-27 19:29:16.533732000,2024-11-27 14:29:16.533732000
2024-05-28 20:46:14.971475,428757.288,3.0,22.588520507812504,-268.48299316406246,24.791938476562514,28.427578124999986,69.0404296875,2.63749130859375,23.30549668539864,3.50563798828125,56.05453399352006,0.0,18.0,0.0,,,,,20.0,0.0,0.0,2024-11-27 19:29:17.525407000,2024-11-27 14:29:17.525407000
2024-05-28 20:46:15.979475,428758.288,4.0,22.588520507812504,-268.48299316406246,24.791938476562514,28.427578124999986,69.53007812499999,2.63749130859375,23.30549668539864,3.50563798828125,56.05453399352006,0.0,18.0,0.0,,,,,17.0,0.0,0.0,2024-11-27 19:29:18.533407000,2024-11-27 14:29:18.533407000
2024-05-28 20:46:16.971250,428759.288,5.0,22.588520507812504,-268.48299316406246,24.791938476562514,28.427578124999986,69.53007812499999,2.63749130859375,23.30549668539864,3.50563798828125,56.05453399352006,0.0,18.0,0.0,,,,,23.0,0.0,0.0,2024-11-27 19:29:19.525182000,2024-11-27 14:29:19.525182000
2024-05-28 20:46:17.979200,428760.288,6.0,22.588520507812504,-268.48299316406246,24.791938476562514,28.427578124999986,69.53007812499999,2.63749130859375,23.30549668539864,3.50563798828125,56.05453399352006,0.0,18.0,0.0,,,,,24.0,0.0,0.0,2024-11-27 19:29:20.533132000,2024-11-27 14:29:20.533132000
2024-05-28 20:46:18.971050,428761.288,7.0,22.588520507812504,-268.48299316406246,24.791938476562514,28.427578124999986,69.53007812499999,2.63749130859375,23.30549668539864,3.50563798828125,56.05453399352006,0.0,18.0,0.0,,,,,17.0,0.0,0.0,2024-11-27 19:29:21.524982000,2024-11-27 14:29:21.524982000
2024-05-28 20:46:19.979075,428762.288,8.0,22.588520507812504,-268.48299316406246,24.791938476562514,28.427578124999986,69.53007812499999,2.63749130859375,23.30549668539864,3.50563798828125,56.1159447507316,0.0,18.0,0.0,,,,,20.0,0.0,0.0,2024-11-27 19:29:22.533007000,2024-11-27 14:29:22.533007000
2024-05-28 20:46:20.970875,428763.288,9.0,22.588520507812504,-268.48299316406246,24.791938476562514,28.427578124999986,69.53007812499999,2.63749130859375,23.30549668539864,3.50563798828125,56.1159447507316,0.0,18.0,0.0,,,,,20.0,0.0,0.0,2024-11-27 19:29:23.524807000,2024-11-27 14:29:23.524807000
2024-05-28 20:46:21.978775,428764.288,10.0,22.588520507812504,-268.48299316406246,24.791938476562514,28.427578124999986,69.53007812499999,2.63749130859375,23.30549668539864,3.50563798828125,56.1159447507316,0.0,18.0,0.0,,,,,23.0,0.0,0.0,2024-11-27 19:29:24.532707000,2024-11-27 14:29:24.532707000
2024-05-28 20:46:22.970450,428765.288,11.0,22.588520507812504,-268.48299316406246,24.791938476562514,28.427578124999986,69.53007812499999,2.63749130859375,23.30549668539864,3.50563798828125,56.1159447507316,0.0,18.0,0.0,,,,,22.0,0.0,0.0,2024-11-27 19:29:25.524382000,2024-11-27 14:29:25.524382000
2024-05-28 20:46:23.978175,428766.288,0.0,22.588520507812504,-268.48299316406246,24.791938476562514,28.427578124999986,69.53007812499999,2.63749130859375,23.30549668539864,3.50563798828125,56.1159447507316,0.0,18.0,0.0,,,,,24.0,0.0,0.0,2024-11-27 19:29:26.532107000,2024-11-27 14:29:26.532107000
2024-05-28 20:46:24.970200,428767.288,1.0,22.588520507812504,-268.48299316406246,24.791938476562514,28.427578124999986,69.53007812499999,2.63749130859375,23.30549668539864,3.50563798828125,56.1159447507316,0.0,18.0,0.0,,,,,19.0,0.0,0.0,2024-11-27 19:29:27.524132000,2024-11-27 14:29:27.524132000
2024-05-28 20:46:25.982850,428768.288,2.0,22.588520507812504,-268.48299316406246,24.791938476562514,28.427578124999986,69.53007812499999,2.63749130859375,23.30549668539864,3.50563798828125,56.1159447507316,0.0,18.0,0.0,,,,,23.0,0.0,0.0,2024-11-27 19:29:28.536782000,2024-11-27 14:29:28.536782000
2024-05-28 20:46:26.974675,428769.288,3.0,22.588520507812504,-268.48299316406246,24.791938476562514,28.427578124999986,69.53007812499999,2.63749130859375,23.30549668539864,3.50563798828125,56.1159447507316,0.0,18.0,0.0,,,,,23.0,0.0,0.0,2024-11-27 19:29:29.528607000,2024-11-27 14:29:29.528607000
2024-05-28 20:46:27.982725,428770.288,4.0,22.588520507812504,-268.48299316406246,24.791938476562514,28.427578124999986,68.7343994140625,2.63749130859375,23.30549668539864,3.50563798828125,56.1159447507316,0.0,18.0,0.0,,,,,17.0,0.0,0.0,2024-11-27 19:29:30.536657000,2024-11-27 14:29:30.536657000
2024-05-28 20:46:28.974350,428771.288,5.0,22.588520507812504,-268.48299316406246,24.791938476562514,28.427578124999986,68.7343994140625,2.638593017578125,23.30549668539864,3.50563798828125,56.1159447507316,0.0,18.0,0.0,,,,,17.0,0.0,0.0,2024-11-27 19:29:31.528282000,2024-11-27 14:29:31.528282000
2024-05-28 20:46:29.982150,428772.288,6.0,22.588520507812504,-268.48299316406246,24.791938476562514,28.427578124999986,68.7343994140625,2.638593017578125,23.426152581179498,3.50563798828125,56.1159447507316,0.0,18.0,0.0,,,,,20.0,0.0,0.0,2024-11-27 19:29:32.536082000,2024-11-27 14:29:32.536082000
2024-05-28 20:46:30.974250,428773.288,7.0,22.588520507812504,-268.48299316406246,24.791938476562514,28.427578124999986,68.7343994140625,2.638593017578125,23.426152581179498,3.50563798828125,56.1159447507316,0.0,18.0,0.0,,,,,23.0,0.0,0.0,2024-11-27 19:29:33.528182000,2024-11-27 14:29:33.528182000
2024-05-28 20:46:31.982250,428774.288,8.0,22.588520507812504,-268.48299316406246,24.791938476562514,28.427578124999986,68.7343994140625,2.638593017578125,23.426152581179498,3.50563798828125,55.99312323630852,0.0,18.0,0.0,,,,,17.0,0.0,0.0,2024-11-27 19:29:34.536182000,2024-11-27 14:29:34.536182000
2024-05-28 20:46:32.973925,428775.288,9.0,22.588520507812504,-268.48299316406246,24.791938476562514,28.427578124999986,68.7343994140625,2.638593017578125,23.426152581179498,3.50563798828125,55.99312323630852,0.0,18.0,0.0,,,,,13.0,0.0,0.0,2024-11-27 19:29:35.527857000,2024-11-27 14:29:35.527857000
2024-05-28 20:46:33.981500,428776.288,10.0,22.588520507812504,-268.48299316406246,24.791938476562514,28.427578124999986,68.7343994140625,2.638593017578125,23.426152581179498,3.50563798828125,55.99312323630852,0.0,18.0,0.0,,,,,25.0,0.0,0.0,2024-11-27 19:29:36.535432000,2024-11-27 14:29:36.535432000
2024-05-28 20:46:34.973350,428777.288,11.0,22.588520507812504,-268.48299316406246,24.791938476562514,28.427578124999986,68.7343994140625,2.638593017578125,23.426152581179498,3.50563798828125,55.99312323630852,0.0,18.0,0.0,,,,,24.0,0.0,0.0,2024-11-27 19:29:37.527282000,2024-11-27 14:29:37.527282000
2024-05-28 20:46:35.981300,428778.288,0.0,22.588520507812504,-268.48299316406246,24.791938476562514,28.427578124999986,68.7343994140625,2.638593017578125,23.426152581179498,3.50563798828125,55.99312323630852,0.0,18.0,0.0,,,,,15.0,0.0,0.0,2024-11-27 19:29:38.535232000,2024-11-27 14:29:38.535232000
2024-05-28 20:46:36.973025,428779.288,1.0,22.588520507812504,-268.37282226562496,24.791938476562514,28.427578124999986,68.7343994140625,2.638593017578125,23.426152581179498,3.50563798828125,55.99312323630852,0.0,18.0,0.0,,,,,21.0,0.0,0.0,2024-11-27 19:29:39.526957000,2024-11-27 14:29:39.526957000
2024-05-28 20:46:37.980875,428780.288,2.0,22.588520507812504,-268.37282226562496,24.791938476562514,28.427578124999986,68.7343994140625,2.638593017578125,23.426152581179498,3.50563798828125,55.99312323630852,0.0,18.0,0.0,,,,,21.0,0.0,0.0,2024-11-27 19:29:40.534807000,2024-11-27 14:29:40.534807000
2024-05-28 20:46:38.972925,428781.288,3.0,22.588520507812504,-268.37282226562496,24.791938476562514,28.427578124999986,68.7343994140625,2.638593017578125,23.426152581179498,3.50563798828125,55.99312323630852,0.0,18.0,0.0,,,,,29.0,0.0,0.0,2024-11-27 19:29:41.526857000,2024-11-27 14:29:41.526857000
2024-05-28 20:46:39.980550,428782.288,4.0,22.588520507812504,-268.37282226562496,24.791938476562514,28.427578124999986,68.55078125,2.638593017578125,23.426152581179498,3.50563798828125,55.99312323630852,0.0,18.0,0.0,,,,,21.0,0.0,0.0,2024-11-27 19:29:42.534482000,2024-11-27 14:29:42.534482000
2024-05-28 20:46:40.972725,428783.288,5.0,22.588520507812504,-268.37282226562496,24.791938476562514,28.427578124999986,68.55078125,2.636389599609375,23.426152581179498,3.50563798828125,55.99312323630852,0.0,18.0,0.0,,,,,17.0,0.0,0.0,2024-11-27 19:29:43.526657000,2024-11-27 14:29:43.526657000
2024-05-28 20:46:41.980200,428784.288,6.0,22.588520507812504,-268.37282226562496,24.791938476562514,28.427578124999986,68.55078125,2.636389599609375,23.30549668539864,3.50563798828125,55.99312323630852,0.0,18.0,0.0,,,,,23.0,0.0,0.0,2024-11-27 19:29:44.534132000,2024-11-27 14:29:44.534132000
2024-05-28 20:46:42.972075,428785.288,7.0,22.588520507812504,-268.37282226562496,24.791938476562514,28.427578124999986,68.55078125,2.636389599609375,23.30549668539864,3.50563798828125,55.99312323630852,0.0,18.0,0.0,,,,,19.0,0.0,0.0,2024-11-27 19:29:45.526007000,2024-11-27 14:29:45.526007000
2024-05-28 20:46:43.979850,428786.288,8.0,22.588520507812504,-268.37282226562496,24.791938476562514,28.427578124999986,68.55078125,2.636389599609375,23.30549668539864,3.50563798828125,55.99312323630852,0.0,18.0,0.0,,,,,19.0,0.0,0.0,2024-11-27 19:29:46.533782000,2024-11-27 14:29:46.533782000
2024-05-28 20:46:44.971750,428787.288,9.0,22.588520507812504,-268.37282226562496,24.791938476562514,28.427578124999986,68.55078125,2.636389599609375,23.30549668539864,3.50563798828125,55.99312323630852,0.0,18.0,0.0,,,,,29.0,0.0,0.0,2024-11-27 19:29:47.525682000,2024-11-27 14:29:47.525682000
2024-05-28 20:46:45.979575,428788.288,10.0,22.588520507812504,-268.37282226562496,24.791938476562514,28.427578124999986,68.55078125,2.636389599609375,23.30549668539864,3.50563798828125,55.99312323630852,0.0,18.0,0.0,,,,,26.0,0.0,0.0,2024-11-27 19:29:48.533507000,2024-11-27 14:29:48.533507000
2024-05-28 20:46:46.971275,428789.288,11.0,22.588520507812504,-268.37282226562496,24.791938476562514,28.427578124999986,68.55078125,2.636389599609375,23.30549668539864,3.50563798828125,55.99312323630852,0.0,18.0,0.0,,,,,22.0,0.0,0.0,2024-11-27 19:29:49.525207000,2024-11-27 14:29:49.525207000
2024-05-28 20:46:47.979250,428790.288,0.0,22.588520507812504,-268.37282226562496,24.791938476562514,28.427578124999986,68.55078125,2.636389599609375,23.30549668539864,3.50563798828125,55.99312323630852,0.0,18.0,0.0,,,,,16.0,0.0,0.0,2024-11-27 19:29:50.533182000,2024-11-27 14:29:50.533182000
2024-05-28 20:46:48.971325,428791.288,1.0,22.588520507812504,-268.59316406249997,24.791938476562514,28.427578124999986,68.55078125,2.636389599609375,23.30549668539864,3.50563798828125,55.99312323630852,0.0,18.0,0.0,,,,,21.0,0.0,0.0,2024-11-27 19:29:51.525257000,2024-11-27 14:29:51.525257000
2024-05-28 20:46:49.978925,428792.288,2.0,22.588520507812504,-268.59316406249997,24.791938476562514,28.427578124999986,68.55078125,2.636389599609375,23.30549668539864,3.50563798828125,55.99312323630852,0.0,18.0,0.0,,,,,18.0,0.0,0.0,2024-11-27 19:29:52.532857000,2024-11-27 14:29:52.532857000
2024-05-28 20:46:50.970975,428793.288,3.0,22.588520507812504,-268.59316406249997,24.791938476562514,28.427578124999986,68.55078125,2.636389599609375,23.30549668539864,3.50563798828125,55.99312323630852,0.0,18.0,0.0,,,,,21.0,0.0,0.0,2024-11-27 19:29:53.524907000,2024-11-27 14:29:53.524907000
2024-05-28 20:46:51.978550,428794.288,4.0,22.588520507812504,-268.59316406249997,24.791938476562514,28.427578124999986,69.40766601562501,2.636389599609375,23.30549668539864,3.50563798828125,55.99312323630852,0.0,18.0,0.0,,,,,21.0,0.0,0.0,2024-11-27 19:29:54.532482000,2024-11-27 14:29:54.532482000
2024-05-28 20:46:52.970600,428795.288,5.0,22.588520507812504,-268.59316406249997,24.791938476562514,28.427578124999986,69.40766601562501,2.63749130859375,23.30549668539864,3.50563798828125,55.99312323630852,0.0,18.0,0.0,,,,,22.0,0.0,0.0,2024-11-27 19:29:55.524532000,2024-11-27 14:29:55.524532000
2024-05-28 20:46:53.978325,428796.288,6.0,22.588520507812504,-268.59316406249997,24.791938476562514,28.427578124999986,69.40766601562501,2.63749130859375,23.30549668539864,3.50563798828125,55.99312323630852,0.0,18.0,0.0,,,,,16.0,0.0,0.0,2024-11-27 19:29:56.532257000,2024-11-27 14:29:56.532257000
2024-05-28 20:46:54.970150,428797.288,7.0,22.588520507812504,-268.59316406249997,24.791938476562514,28.427578124999986,69.40766601562501,2.63749130859375,23.30549668539864,3.50563798828125,55.99312323630852,0.0,18.0,0.0,,,,,18.0,0.0,0.0,2024-11-27 19:29:57.524082000,2024-11-27 14:29:57.524082000
2024-05-28 20:46:55.977950,428798.288,8.0,22.588520507812504,-268.59316406249997,24.791938476562514,28.427578124999986,69.40766601562501,2.63749130859375,23.30549668539864,3.50563798828125,56.05453399352006,0.0,18.0,0.0,,,,,15.0,0.0,0.0,2024-11-27 19:29:58.531882000,2024-11-27 14:29:58.531882000
2024-05-28 20:46:56.969775,428799.288,9.0,22.588520507812504,-268.59316406249997,24.791938476562514,28.427578124999986,69.40766601562501,2.63749130859375,23.30549668539864,3.50563798828125,56.05453399352006,0.0,18.0,0.0,,,,,29.0,0.0,0.0,2024-11-27 19:29:59.523707000,2024-11-27 14:29:59.523707000
2024-05-28 20:46:57.977675,428800.288,10.0,22.588520507812504,-268.59316406249997,24.791938476562514,28.427578124999986,69.40766601562501,2.63749130859375,23.30549668539864,3.50563798828125,56.05453399352006,0.0,18.0,0.0,,,,,11.0,0.0,0.0,2024-11-27 19:30:00.531607000,2024-11-27 14:30:00.531607000
2024-05-28 20:46:58.969450,428801.288,11.0,22.588520507812504,-268.59316406249997,24.791938476562514,28.427578124999986,69.40766601562501,2.63749130859375,23.30549668539864,3.50563798828125,56.05453399352006,0.0,18.0,0.0,,,,,19.0,0.0,0.0,2024-11-27 19:30:01.523382000,2024-11-27 14:30:01.523382000
2024-05-28 20:46:59.977225,428802.288,0.0,22.588520507812504,-268.59316406249997,24.791938476562514,28.427578124999986,69.40766601562501,2.63749130859375,23.30549668539864,3.50563798828125,56.05453399352006,0.0,18.0,0.0,,,,,18.0,0.0,0.0,2024-11-27 19:30:02.531157000,2024-11-27 14:30:02.531157000
2024-05-28 20:47:00.969600,428803.288,1.0,22.588520507812504,-268.59316406249997,24.791938476562514,28.427578124999986,69.40766601562501,2.63749130859375,23.30549668539864,3.50563798828125,56.05453399352006,0.0,18.0,0.0,,,,,19.0,0.0,0.0,2024-11-27 19:30:03.523532000,2024-11-27 14:30:03.523532000
2024-05-28 20:47:01.977450,428804.288,2.0,22.588520507812504,-268.59316406249997,24.791938476562514,28.427578124999986,69.40766601562501,2.63749130859375,23.30549668539864,3.50563798828125,56.05453399352006,0.0,18.0,0.0,,,,,18.0,0.0,0.0,2024-11-27 19:30:04.531382000,2024-11-27 14:30:04.531382000
2024-05-28 20:47:02.969200,428805.288,3.0,22.588520507812504,-268.59316406249997,24.791938476562514,28.427578124999986,69.40766601562501,2.63749130859375,23.30549668539864,3.50563798828125,56.05453399352006,0.0,18.0,0.0,,,,,25.0,0.0,0.0,2024-11-27 19:30:05.523132000,2024-11-27 14:30:05.523132000
2024-05-28 20:47:03.976950,428806.288,4.0,22.588520507812504,-268.59316406249997,24.791938476562514,28.427578124999986,69.0404296875,2.63749130859375,23.30549668539864,3.50563798828125,56.05453399352006,0.0,18.0,0.0,,,,,16.0,0.0,0.0,2024-11-27 19:30:06.530882000,2024-11-27 14:30:06.530882000
2024-05-28 20:47:04.969075,428807.288,5.0,22.588520507812504,-268.59316406249997,24.791938476562514,28.427578124999986,69.0404296875,2.638593017578125,23.30549668539864,3.50563798828125,56.05453399352006,0.0,18.0,0.0,,,,,22.0,0.0,0.0,2024-11-27 19:30:07.523007000,2024-11-27 14:30:07.523007000
2024-05-28 20:47:05.976525,428808.288,6.0,22.588520507812504,-268.59316406249997,24.791938476562514,28.427578124999986,69.0404296875,2.638593017578125,23.30549668539864,3.50563798828125,56.05453399352006,0.0,18.0,0.0,,,,,16.0,0.0,0.0,2024-11-27 19:30:08.530457000,2024-11-27 14:30:08.530457000
2024-05-28 20:47:06.968150,428809.288,7.0,22.588520507812504,-268.59316406249997,24.791938476562514,28.427578124999986,69.0404296875,2.638593017578125,23.30549668539864,3.50563798828125,56.05453399352006,0.0,18.0,0.0,,,,,27.0,0.0,0.0,2024-11-27 19:30:09.522082000,2024-11-27 14:30:09.522082000
2024-05-28 20:47:07.976025,428810.288,8.0,22.588520507812504,-268.59316406249997,24.791938476562514,28.427578124999986,69.0404296875,2.638593017578125,23.30549668539864,3.50563798828125,56.1159447507316,0.0,18.0,0.0,,,,,29.0,0.0,0.0,2024-11-27 19:30:10.529957000,2024-11-27 14:30:10.529957000
2024-05-28 20:47:08.967875,428811.288,9.0,22.588520507812504,-268.59316406249997,24.791938476562514,28.427578124999986,69.0404296875,2.638593017578125,23.30549668539864,3.50563798828125,56.1159447507316,0.0,18.0,0.0,,,,,20.0,0.0,0.0,2024-11-27 19:30:11.521807000,2024-11-27 14:30:11.521807000
2024-05-28 20:47:09.975650,428812.288,10.0,22.588520507812504,-268.59316406249997,24.791938476562514,28.427578124999986,69.0404296875,2.638593017578125,23.30549668539864,3.50563798828125,56.1159447507316,0.0,18.0,0.0,,,,,17.0,0.0,0.0,2024-11-27 19:30:12.529582000,2024-11-27 14:30:12.529582000
2024-05-28 20:47:10.967825,428813.288,11.0,22.588520507812504,-268.59316406249997,24.791938476562514,28.427578124999986,69.0404296875,2.638593017578125,23.30549668539864,3.50563798828125,56.1159447507316,0.0,18.0,0.0,,,,,22.0,0.0,0.0,2024-11-27 19:30:13.521757000,2024-11-27 14:30:13.521757000
2024-05-28 20:47:11.975375,428814.288,0.0,22.588520507812504,-268.59316406249997,24.791938476562514,28.427578124999986,69.0404296875,2.638593017578125,23.30549668539864,3.50563798828125,56.1159447507316,0.0,18.0,0.0,,,,,24.0,0.0,0.0,2024-11-27 19:30:14.529307000,2024-11-27 14:30:14.529307000
2024-05-28 20:47:12.983075,428815.288,1.0,22.588520507812504,-268.48299316406246,24.791938476562514,28.427578124999986,69.0404296875,2.638593017578125,23.30549668539864,3.50563798828125,56.1159447507316,0.0,18.0,0.0,,,,,17.0,0.0,0.0,2024-11-27 19:30:15.537007000,2024-11-27 14:30:15.537007000
2024-05-28 20:47:13.974825,428816.288,2.0,22.588520507812504,-268.48299316406246,24.791938476562514,28.427578124999986,69.0404296875,2.638593017578125,23.30549668539864,3.50563798828125,56.1159447507316,0.0,18.0,0.0,,,,,23.0,0.0,0.0,2024-11-27 19:30:16.528757000,2024-11-27 14:30:16.528757000
2024-05-28 20:47:14.982750,428817.288,3.0,22.588520507812504,-268.48299316406246,24.791938476562514,28.427578124999986,69.0404296875,2.638593017578125,23.30549668539864,3.50563798828125,56.1159447507316,0.0,18.0,0.0,,,,,19.0,0.0,0.0,2024-11-27 19:30:17.536682000,2024-11-27 14:30:17.536682000
2024-05-28 20:47:15.974700,428818.288,4.0,22.588520507812504,-268.48299316406246,24.791938476562514,28.427578124999986,68.30595703124999,2.638593017578125,23.30549668539864,3.50563798828125,56.1159447507316,0.0,18.0,0.0,,,,,22.0,0.0,0.0,2024-11-27 19:30:18.528632000,2024-11-27 14:30:18.528632000
2024-05-28 20:47:16.982525,428819.288,5.0,22.588520507812504,-268.48299316406246,24.791938476562514,28.427578124999986,68.30595703124999,2.63749130859375,23.30549668539864,3.50563798828125,56.1159447507316,0.0,18.0,0.0,,,,,25.0,0.0,0.0,2024-11-27 19:30:19.536457000,2024-11-27 14:30:19.536457000
2024-05-28 20:47:17.974350,428820.288,6.0,22.588520507812504,-268.48299316406246,24.791938476562514,28.427578124999986,68.30595703124999,2.63749130859375,23.30549668539864,3.50563798828125,56.1159447507316,0.0,18.0,0.0,,,,,16.0,0.0,0.0,2024-11-27 19:30:20.528282000,2024-11-27 14:30:20.528282000
2024-05-28 20:47:18.982475,428821.288,7.0,22.588520507812504,-268.48299316406246,24.791938476562514,28.427578124999986,68.30595703124999,2.63749130859375,23.30549668539864,3.50563798828125,56.1159447507316,0.0,18.0,0.0,,,,,25.0,0.0,0.0,2024-11-27 19:30:21.536407000,2024-11-27 14:30:21.536407000
2024-05-28 20:47:19.972975,428822.288,8.0,22.588520507812504,-268.48299316406246,24.791938476562514,28.427578124999986,68.30595703124999,2.63749130859375,23.30549668539864,3.50563798828125,56.05453399352006,0.0,18.0,0.0,,,,,29.0,0.0,0.0,2024-11-27 19:30:22.526907000,2024-11-27 14:30:22.526907000
2024-05-28 20:47:20.981125,428823.288,9.0,22.588520507812504,-268.48299316406246,24.791938476562514,28.427578124999986,68.30595703124999,2.63749130859375,23.30549668539864,3.50563798828125,56.05453399352006,0.0,18.0,0.0,,,,,20.0,0.0,0.0,2024-11-27 19:30:23.535057000,2024-11-27 14:30:23.535057000
2024-05-28 20:47:21.972700,428824.288,10.0,22.588520507812504,-268.48299316406246,24.791938476562514,28.427578124999986,68.30595703124999,2.63749130859375,23.30549668539864,3.50563798828125,56.05453399352006,0.0,18.0,0.0,,,,,11.0,0.0,0.0,2024-11-27 19:30:24.526632000,2024-11-27 14:30:24.526632000
2024-05-28 20:47:22.980450,428825.288,11.0,22.588520507812504,-268.48299316406246,24.791938476562514,28.427578124999986,68.30595703124999,2.63749130859375,23.30549668539864,3.50563798828125,56.05453399352006,0.0,18.0,0.0,,,,,19.0,0.0,0.0,2024-11-27 19:30:25.534382000,2024-11-27 14:30:25.534382000
2024-05-28 20:47:23.972325,428826.288,0.0,22.588520507812504,-268.48299316406246,24.791938476562514,28.427578124999986,68.30595703124999,2.63749130859375,23.30549668539864,3.50563798828125,56.05453399352006,0.0,18.0,0.0,,,,,17.0,0.0,0.0,2024-11-27 19:30:26.526257000,2024-11-27 14:30:26.526257000
2024-05-28 20:47:24.980250,428827.288,1.0,22.588520507812504,-268.48299316406246,24.791938476562514,28.427578124999986,68.30595703124999,2.63749130859375,23.30549668539864,3.50563798828125,56.05453399352006,0.0,18.0,0.0,,,,,23.0,0.0,0.0,2024-11-27 19:30:27.534182000,2024-11-27 14:30:27.534182000
2024-05-28 20:47:25.972275,428828.288,2.0,22.588520507812504,-268.48299316406246,24.791938476562514,28.427578124999986,68.30595703124999,2.63749130859375,23.30549668539864,3.50563798828125,56.05453399352006,0.0,18.0,0.0,,,,,20.0,0.0,0.0,2024-11-27 19:30:28.526207000,2024-11-27 14:30:28.526207000
2024-05-28 20:47:26.979825,428829.288,3.0,22.588520507812504,-268.48299316406246,24.791938476562514,28.427578124999986,68.30595703124999,2.63749130859375,23.30549668539864,3.50563798828125,56.05453399352006,0.0,18.0,0.0,,,,,22.0,0.0,0.0,2024-11-27 19:30:29.533757000,2024-11-27 14:30:29.533757000
2024-05-28 20:47:27.971700,428830.288,4.0,22.588520507812504,-268.48299316406246,24.791938476562514,28.427578124999986,70.0197265625,2.63749130859375,23.30549668539864,3.50563798828125,56.05453399352006,0.0,18.0,0.0,,,,,18.0,0.0,0.0,2024-11-27 19:30:30.525632000,2024-11-27 14:30:30.525632000
2024-05-28 20:47:28.979825,428831.288,5.0,22.588520507812504,-268.48299316406246,24.791938476562514,28.427578124999986,70.0197265625,2.6396947265625,23.30549668539864,3.50563798828125,56.05453399352006,0.0,18.0,0.0,,,,,17.0,0.0,0.0,2024-11-27 19:30:31.533757000,2024-11-27 14:30:31.533757000
2024-05-28 20:47:29.971350,428832.288,6.0,22.588520507812504,-268.48299316406246,24.791938476562514,28.427578124999986,70.0197265625,2.6396947265625,23.30549668539864,3.50563798828125,56.05453399352006,0.0,18.0,0.0,,,,,23.0,0.0,0.0,2024-11-27 19:30:32.525282000,2024-11-27 14:30:32.525282000
2024-05-28 20:47:30.979250,428833.288,7.0,22.588520507812504,-268.48299316406246,24.791938476562514,28.427578124999986,70.0197265625,2.6396947265625,23.30549668539864,3.50563798828125,56.05453399352006,0.0,18.0,0.0,,,,,23.0,0.0,0.0,2024-11-27 19:30:33.533182000,2024-11-27 14:30:33.533182000
2024-05-28 20:47:31.971025,428834.288,8.0,22.588520507812504,-268.48299316406246,24.791938476562514,28.427578124999986,70.0197265625,2.6396947265625,23.30549668539864,3.50563798828125,55.93171247909698,0.0,18.0,0.0,,,,,27.0,0.0,0.0,2024-11-27 19:30:34.524957000,2024-11-27 14:30:34.524957000
2024-05-28 20:47:32.979200,428835.288,9.0,22.588520507812504,-268.48299316406246,24.791938476562514,28.427578124999986,70.0197265625,2.6396947265625,23.30549668539864,3.50563798828125,55.93171247909698,0.0,18.0,0.0,,,,,22.0,0.0,0.0,2024-11-27 19:30:35.533132000,2024-11-27 14:30:35.533132000
2024-05-28 20:47:33.971125,428836.288,10.0,22.588520507812504,-268.48299316406246,24.791938476562514,28.427578124999986,70.0197265625,2.6396947265625,23.30549668539864,3.50563798828125,55.93171247909698,0.0,18.0,0.0,,,,,25.0,0.0,0.0,2024-11-27 19:30:36.525057000,2024-11-27 14:30:36.525057000
2024-05-28 20:47:34.978550,428837.288,11.0,22.588520507812504,-268.48299316406246,24.791938476562514,28.427578124999986,70.0197265625,2.6396947265625,23.30549668539864,3.50563798828125,55.93171247909698,0.0,18.0,0.0,,,,,22.0,0.0,0.0,2024-11-27 19:30:37.532482000,2024-11-27 14:30:37.532482000
2024-05-28 20:47:35.970350,428838.288,0.0,22.588520507812504,-268.48299316406246,24.791938476562514,28.427578124999986,70.0197265625,2.6396947265625,23.30549668539864,3.50563798828125,55.93171247909698,0.0,18.0,0.0,,,,,22.0,0.0,0.0,2024-11-27 19:30:38.524282000,2024-11-27 14:30:38.524282000
2024-05-28 20:47:36.978000,428839.288,1.0,22.588520507812504,-268.37282226562496,24.791938476562514,28.427578124999986,70.0197265625,2.6396947265625,23.30549668539864,3.50563798828125,55.93171247909698,0.0,18.0,0.0,,,,,22.0,0.0,0.0,2024-11-27 19:30:39.531932000,2024-11-27 14:30:39.531932000
2024-05-28 20:47:37.968050,428840.288,2.0,22.588520507812504,-268.37282226562496,24.791938476562514,28.427578124999986,70.0197265625,2.6396947265625,23.30549668539864,3.50563798828125,55.93171247909698,0.0,18.0,0.0,,,,,21.0,0.0,0.0,2024-11-27 19:30:40.521982000,2024-11-27 14:30:40.521982000
2024-05-28 20:47:38.975925,428841.288,3.0,22.588520507812504,-268.37282226562496,24.791938476562514,28.427578124999986,70.0197265625,2.6396947265625,23.30549668539864,3.50563798828125,55.93171247909698,0.0,18.0,0.0,,,,,23.0,0.0,0.0,2024-11-27 19:30:41.529857000,2024-11-27 14:30:41.529857000
2024-05-28 20:47:39.967875,428842.288,4.0,22.588520507812504,-268.37282226562496,24.791938476562514,28.427578124999986,69.162841796875,2.6396947265625,23.30549668539864,3.50563798828125,55.93171247909698,0.0,18.0,0.0,,,,,23.0,0.0,0.0,2024-11-27 19:30:42.521807000,2024-11-27 14:30:42.521807000
2024-05-28 20:47:40.975600,428843.288,5.0,22.588520507812504,-268.37282226562496,24.791938476562514,28.427578124999986,69.162841796875,2.63749130859375,23.30549668539864,3.50563798828125,55.93171247909698,0.0,18.0,0.0,,,,,18.0,0.0,0.0,2024-11-27 19:30:43.529532000,2024-11-27 14:30:43.529532000
2024-05-28 20:47:41.983450,428844.288,6.0,22.588520507812504,-268.37282226562496,24.791938476562514,28.427578124999986,69.162841796875,2.63749130859375,23.30549668539864,3.50563798828125,55.93171247909698,0.0,18.0,0.0,,,,,21.0,0.0,0.0,2024-11-27 19:30:44.537382000,2024-11-27 14:30:44.537382000
2024-05-28 20:47:42.975225,428845.288,7.0,22.588520507812504,-268.37282226562496,24.791938476562514,28.427578124999986,69.162841796875,2.63749130859375,23.30549668539864,3.504536279296875,55.93171247909698,0.0,18.0,0.0,,,,,23.0,0.0,0.0,2024-11-27 19:30:45.529157000,2024-11-27 14:30:45.529157000
2024-05-28 20:47:43.982850,428846.288,8.0,22.588520507812504,-268.37282226562496,24.791938476562514,28.427578124999986,69.162841796875,2.63749130859375,23.30549668539864,3.504536279296875,55.93171247909698,0.0,18.0,0.0,,,,,29.0,0.0,0.0,2024-11-27 19:30:46.536782000,2024-11-27 14:30:46.536782000
2024-05-28 20:47:44.974850,428847.288,9.0,22.588520507812504,-268.37282226562496,24.791938476562514,28.427578124999986,69.162841796875,2.63749130859375,23.30549668539864,3.504536279296875,55.93171247909698,0.0,18.0,0.0,,,,,20.0,0.0,0.0,2024-11-27 19:30:47.528782000,2024-11-27 14:30:47.528782000
